timestamp,0V8_AON_A_current_A,0V8_SW_A_current_A,1V1_SYS_A_current_A,1V8_SYS_A_current_A,3V3_ADC_A_current_A,3V3_DAC_A_current_A,3V3_SYS_A_current_A,3V7_WL_SW_A_current_A,DDR_VDD2_A_current_A,DDR_VDDQ_A_current_A,HDMI_A_current_A,VDD_CORE_A_current_A,0V8_AON_V_voltage_V,0V8_SW_V_voltage_V,1V1_SYS_V_voltage_V,1V8_SYS_V_voltage_V,3V3_ADC_V_voltage_V,3V3_DAC_V_voltage_V,3V3_SYS_V_voltage_V,3V7_WL_SW_V_voltage_V,BATT_V_voltage_V,DDR_VDD2_V_voltage_V,DDR_VDDQ_V_voltage_V,EXT5V_V_voltage_V,HDMI_V_voltage_V,VDD_CORE_V_voltage_V
2025-08-19T12:14:34.942184,0.00482295,0.628499,0.3464552,0.2635011,0.00018315,0.0,0.1610285,0.00195186,0.00585558,0.0102942,0.0106227,1.88423,0.8014645,0.8025633,1.106226,1.808545,3.313183,3.315015,3.309105,3.723903,0.0,1.112087,0.6032961,5.24208,5.2394,0.8778502
2025-08-19T12:14:35.970660,0.00482295,0.5553042,0.3454792,0.2625252,0.00018315,6.105e-05,0.1561488,0.00292779,0.01171116,0.0,0.010989,1.20555,0.8017574,0.8025633,1.107691,1.808057,3.313183,3.316846,3.309105,3.718336,0.0,1.107325,0.6010983,5.2461,5.24342,0.7671787
2025-08-19T12:14:36.995652,0.00518925,0.5543283,0.3454792,0.2635011,6.105e-05,0.0,0.1629803,0.00292779,0.00585558,0.0,0.010989,1.18769,0.8014645,0.8018308,1.107691,1.809034,3.314099,3.316846,3.341584,3.722976,0.0,1.112453,0.6010983,5.24476,5.24208,0.7674474
2025-08-19T12:14:38.020580,0.0053724,0.5826302,0.3669497,0.2742363,6.105e-05,0.0,0.223488,0.00195186,0.0712429,0.0,0.0112332,3.34875,0.8014645,0.8025633,1.107691,1.808545,3.314099,3.316846,3.327664,3.726687,0.0,1.109523,0.6032961,5.22064,5.22198,0.8786561
2025-08-19T12:14:39.046571,0.00518925,0.5757987,0.3454792,0.2625252,0.00018315,6.105e-05,0.1649322,0.00390372,0.04391685,0.0,0.0107448,1.35736,0.8017574,0.802197,1.106959,1.806592,3.313183,3.316846,3.308177,3.723903,0.0,1.111354,0.604395,5.23538,5.24208,0.79807
2025-08-19T12:14:40.074202,0.0050061,0.6470417,0.3591422,0.2761882,6.105e-05,0.0,0.1649322,0.00195186,0.1366302,0.0107844,0.0112332,4.78648,0.8014645,0.8010981,1.108058,1.808057,3.314099,3.314099,3.319313,3.722976,0.0,1.112087,0.6029298,5.21394,5.22064,0.8791933
2025-08-19T12:14:41.102036,0.0047619,0.571895,0.3454792,0.2839956,0.00018315,0.0,0.1639562,0.00097593,0.2527659,0.0117648,0.0112332,5.161539,0.8017574,0.802197,1.106959,1.809034,3.315015,3.315015,3.327664,3.728543,0.0,1.107691,0.6040287,5.21394,5.19652,0.8799991
2025-08-19T12:14:42.132960,0.0056166,0.6753436,0.3562145,0.2820438,6.105e-05,0.0,0.1600525,0.00097593,0.3005864,0.0593142,0.0111111,6.25993,0.8014645,0.8014644,1.107325,1.808057,3.315015,3.316846,3.310961,3.726687,0.0,1.104394,0.6032961,5.1925,5.20054,0.8853715
2025-08-19T12:14:43.161377,0.0053724,0.6821751,0.3454792,0.2693567,6.105e-05,0.0,0.1795711,0.00292779,0.09661707,0.066177,0.0111111,4.87578,0.8017574,0.802197,1.106226,1.809034,3.314099,3.316846,3.310033,3.723903,0.0,1.107325,0.6029298,5.21126,5.20858,0.8783874
2025-08-19T12:14:44.191544,0.00506715,0.6792473,0.3454792,0.2761882,6.105e-05,0.0,0.1590766,0.0,0.2498381,0.0754908,0.0112332,6.41174,0.8014645,0.8010981,1.10586,1.80708,3.315015,3.316846,3.308177,3.741535,0.0,1.106226,0.6032961,5.20858,5.20054,0.876507
2025-08-19T12:14:45.217377,0.0056166,0.558232,0.3445033,0.2732604,6.105e-05,0.0,0.2488621,0.00292779,0.02147046,0.0,0.0106227,4.25068,0.8017574,0.8010981,1.106226,1.807568,3.312268,3.315931,3.327664,3.724831,0.0,1.109889,0.6032961,5.20992,5.18714,0.8789246
2025-08-19T12:14:46.247573,0.0053724,0.558232,0.3464552,0.279116,6.105e-05,0.0,0.1600525,0.00390372,0.2068972,0.0,0.0106227,4.30426,0.8011714,0.8029296,1.10586,1.806592,3.314099,3.315931,3.326736,3.724831,0.0,1.113552,0.6040287,5.2059,5.19518,0.8778502
2025-08-19T12:14:47.277241,0.00482295,0.6821751,0.3454792,0.2800919,0.00018315,0.0,0.1561488,0.00097593,0.2713085,0.08382421,0.0108669,6.134909,0.8014645,0.8029296,1.106592,1.809034,3.312268,3.315931,3.307249,3.722976,0.0,1.106226,0.6036624,5.1992,5.18446,0.8783874
2025-08-19T12:14:48.406882,0.00482295,0.6890066,0.3454792,0.279116,6.105e-05,0.0,0.1581007,0.0,0.2732604,0.08382421,0.0112332,6.38495,0.8008783,0.802197,1.108058,1.81001,3.314099,3.315015,3.310033,3.726687,0.0,1.108424,0.6040287,5.1992,5.1992,0.8778502
2025-08-19T12:14:49.437458,0.0057387,0.6870547,0.3454792,0.279116,6.105e-05,0.0,0.1571247,0.00195186,0.2859475,0.0764712,0.0106227,6.63499,0.8017574,0.8014644,1.10586,1.807568,3.315015,3.316846,3.327664,3.724831,0.0,1.106959,0.6032961,5.1925,5.21662,0.8781188
2025-08-19T12:14:50.471204,0.00482295,0.6733917,0.3571904,0.2820438,0.00018315,0.0,0.1629803,0.00195186,0.2752123,0.0754908,0.0112332,6.14384,0.8008783,0.8014644,1.106959,1.809034,3.313183,3.316846,3.307249,3.722976,0.0,1.113552,0.6036624,5.19786,5.19786,0.8770444
2025-08-19T12:14:51.501137,0.00470085,0.5670154,0.3464552,0.2752123,0.00018315,0.0,0.1571247,0.00292779,0.06245952,0.004902,0.0107448,5.43837,0.8008783,0.8025633,1.10586,1.80708,3.315015,3.315015,3.319313,3.722048,0.0,1.106959,0.6025635,5.27022,5.20188,0.8781188
2025-08-19T12:14:52.530000,0.0050061,0.6821751,0.3464552,0.2830197,0.00018315,0.0,0.2595974,0.00292779,0.3181532,0.08284381,0.0112332,5.78664,0.8011714,0.8029296,1.108058,1.808057,3.312268,3.314099,3.313745,3.722976,0.0,1.112087,0.6018309,5.20054,5.19786,0.8805364
2025-08-19T12:14:53.559691,0.0051282,0.586534,0.3571904,0.2869234,0.00018315,0.0,0.1610285,0.00097593,0.1473654,0.04902,0.0101343,5.143679,0.8011714,0.8025633,1.104394,1.809034,3.314099,3.315015,3.307249,3.722976,0.0,1.112087,0.6018309,5.21662,5.20992,0.8789246
2025-08-19T12:14:54.592418,0.0056166,0.6255712,0.3552385,0.2732604,6.105e-05,0.0,0.1590766,0.0,0.0487965,0.0,0.010989,5.4473,0.8017574,0.8014644,1.108058,1.809034,3.312268,3.315931,3.309105,3.724831,0.0,1.10879,0.6036624,5.21394,5.18178,0.8767757
2025-08-19T12:14:55.624508,0.00506715,0.6802233,0.3454792,0.2859475,6.105e-05,0.0,0.1737155,0.00292779,0.2996105,0.07254961,0.0112332,5.52767,0.8017574,0.8018308,1.106959,1.809034,3.314099,3.315931,3.357359,3.741535,0.0,1.104394,0.6047613,5.20858,5.20054,0.8789246
2025-08-19T12:14:56.653456,0.0047619,0.6890066,0.3474311,0.2800919,0.00018315,0.0,0.1581007,0.00097593,0.1463895,0.08627521,0.0107448,6.35816,0.8011714,0.8018308,1.108058,1.809522,3.313183,3.315931,3.327664,3.745246,0.0,1.106592,0.6032961,5.207239,5.17642,0.8770444
2025-08-19T12:14:57.686472,0.00494505,0.6704639,0.3454792,0.2820438,6.105e-05,0.0,0.1590766,0.00195186,0.2908272,0.0745104,0.0108669,4.53644,0.8002922,0.8025633,1.10586,1.809034,3.312268,3.315015,3.327664,3.726687,0.0,1.105494,0.6029298,5.1992,5.20456,0.8770444
2025-08-19T12:14:58.818760,0.00433455,0.6821751,0.3474311,0.2839956,0.00018315,0.0,0.1629803,0.00097593,0.3191291,0.0681378,0.0108669,6.36709,0.8011714,0.8018308,1.106592,1.806592,3.313183,3.315015,3.319313,3.727615,0.0,1.104394,0.6036624,5.20054,5.20992,0.876507
2025-08-19T12:14:59.852115,0.0058608,0.6753436,0.3445033,0.2849716,6.105e-05,0.0,0.1581007,0.00292779,0.2410547,0.0593142,0.0112332,6.643919,0.8011714,0.8010981,1.104394,1.808545,3.314099,3.314099,3.318385,3.733183,0.0,1.108424,0.6025635,5.20992,5.1925,0.8786561
2025-08-19T12:15:00.882722,0.0047619,0.570919,0.3445033,0.2898512,0.00018315,0.0,0.1610285,0.00390372,0.08197812,0.0,0.0106227,4.83113,0.8017574,0.802197,1.106959,1.809034,3.313183,3.315015,3.307249,3.722976,0.0,1.104394,0.6047613,5.20992,5.21126,0.8783874
2025-08-19T12:15:01.912518,0.006105,0.5611597,0.3464552,0.2800919,6.105e-05,0.0,0.1581007,0.0,0.03122976,0.0,0.0107448,4.51858,0.8017574,0.802197,1.10586,1.809034,3.315015,3.314099,3.307249,3.724831,0.0,1.106592,0.6032961,5.20322,5.20054,0.8797306
2025-08-19T12:15:02.940705,0.0057387,0.683151,0.3581663,0.2859475,0.00018315,0.0,0.1620044,0.0,0.2869234,0.0754908,0.0107448,6.03668,0.8011714,0.802197,1.106959,1.806592,3.314099,3.316846,3.331376,3.725759,0.0,1.113552,0.604395,5.19786,5.21662,0.8781188
2025-08-19T12:15:03.968750,0.00482295,0.5592079,0.348407,0.2820438,0.00018315,0.0,0.1610285,0.00195186,0.3005864,0.0681378,0.0106227,4.42928,0.8008783,0.8018308,1.106959,1.809034,3.313183,3.316846,3.318385,3.756382,0.0,1.104394,0.6036624,5.20188,5.19652,0.8786561
2025-08-19T12:15:05.002446,0.0056166,0.6753436,0.3474311,0.2859475,6.105e-05,0.0,0.1590766,0.00487965,0.3191291,0.0607848,0.0107448,6.3403,0.8014645,0.8018308,1.108424,1.81001,3.311352,3.315931,3.309105,3.748958,0.0,1.107691,0.6051276,5.20188,5.20054,0.8781188
2025-08-19T12:15:06.034607,0.0052503,0.6607046,0.3454792,0.2849716,0.00018315,0.0,0.1590766,0.00195186,0.1795711,0.058824,0.0103785,6.58141,0.8011714,0.802197,1.104394,1.808057,3.313183,3.314099,3.311889,3.723903,0.0,1.110622,0.6025635,5.19786,5.19518,0.8810737
2025-08-19T12:15:07.064867,0.0056166,0.6802233,0.3464552,0.2800919,6.105e-05,0.0,0.1659081,0.00292779,0.2878993,0.06715741,0.0105006,6.77787,0.8017574,0.802197,1.108058,1.807568,3.313183,3.315931,3.327664,3.722976,0.0,1.108424,0.6029298,5.21126,5.23002,0.8789246
2025-08-19T12:15:08.094668,0.0052503,0.6811991,0.3464552,0.2839956,6.105e-05,0.0,0.181523,0.0,0.2918031,0.061275,0.0107448,5.79557,0.8017574,0.8014644,1.107691,1.810987,3.315015,3.315015,3.325809,3.722048,0.0,1.106226,0.6025635,5.1992,5.1925,0.8781188
2025-08-19T12:15:09.129972,0.0051282,0.5631116,0.3464552,0.2703326,0.00018315,0.0,0.1590766,0.00292779,0.03415755,0.0,0.0107448,4.27747,0.8017574,0.802197,1.107691,1.809034,3.315015,3.315931,3.327664,3.722976,0.0,1.105127,0.6032961,5.20992,5.20456,0.8770444
2025-08-19T12:15:10.158980,0.0058608,0.6851029,0.3464552,0.2820438,6.105e-05,0.0,0.1659081,0.00097593,0.2098249,0.0009804,0.0111111,6.34923,0.8011714,0.8007318,1.104394,1.808057,3.313183,3.314099,3.318385,3.724831,0.0,1.105494,0.6025635,5.20456,5.21528,0.8781188
2025-08-19T12:15:11.185870,0.00531135,0.5621357,0.3464552,0.2703326,6.105e-05,0.0,0.1590766,0.00487965,0.03318162,0.0,0.0107448,3.67023,0.8011714,0.8018308,1.107691,1.808057,3.313183,3.314099,3.327664,3.724831,0.0,1.104028,0.6029298,5.2059,5.1925,0.8813422
2025-08-19T12:15:12.213848,0.0052503,0.5611597,0.3454792,0.2683808,6.105e-05,0.0,0.1620044,0.00097593,0.03415755,0.0,0.0108669,4.44714,0.8014645,0.8025633,1.108058,1.810987,3.315015,3.315015,3.311889,3.726687,0.0,1.110622,0.6040287,5.20456,5.1992,0.8797306
2025-08-19T12:15:13.243412,0.00543345,0.585558,0.3445033,0.2810678,6.105e-05,0.0,0.1581007,0.0,0.2869234,0.0769614,0.0105006,6.00096,0.8011714,0.802197,1.106959,1.81001,3.314099,3.315015,3.318385,3.722976,0.0,1.114285,0.6076917,5.20858,5.21394,0.8783874
2025-08-19T12:15:14.273418,0.00543345,0.6860789,0.3435274,0.2839956,0.0,0.0,0.1629803,0.00195186,0.3093698,0.0651966,0.0107448,6.38495,0.8011714,0.8014644,1.10586,1.809034,3.313183,3.314099,3.333232,3.726687,0.0,1.104761,0.6014646,5.20858,5.19786,0.8853715
2025-08-19T12:15:15.401398,0.00543345,0.6626565,0.3464552,0.2869234,6.105e-05,0.0,0.1600525,0.00097593,0.2078731,0.0,0.0106227,5.25084,0.8017574,0.8025633,1.108058,1.808545,3.314099,3.316846,3.318385,3.741535,0.0,1.112087,0.600732,5.207239,5.20456,0.8781188
2025-08-19T12:15:16.428113,0.00518925,0.6860789,0.3454792,0.2810678,6.105e-05,0.0,0.1600525,0.00195186,0.2713085,0.0730398,0.010989,6.643919,0.8014645,0.8029296,1.108058,1.809522,3.315015,3.313183,3.329521,3.726687,0.0,1.113552,0.6032961,5.21528,5.20054,0.8770444
2025-08-19T12:15:17.457807,0.0058608,0.6909585,0.3474311,0.2810678,0.00018315,0.0,0.1639562,0.00097593,0.2635011,0.0607848,0.0105006,6.251,0.8011714,0.8018308,1.106592,1.809034,3.313183,3.315931,3.309105,3.727615,0.0,1.106592,0.6025635,5.21528,5.1925,0.8810737
2025-08-19T12:15:18.487120,0.0052503,0.6743678,0.3454792,0.2820438,6.105e-05,0.0,0.1571247,0.00097593,0.2420307,0.078432,0.0106227,6.62606,0.8008783,0.8018308,1.10586,1.808545,3.313183,3.316846,3.301682,3.748958,0.0,1.10586,0.6036624,5.207239,5.20992,0.8799991
2025-08-19T12:15:19.519472,0.0058608,0.6851029,0.3454792,0.2878993,6.105e-05,0.0,0.1649322,0.00195186,0.3113217,0.075981,0.0105006,6.518899,0.8017574,0.8010981,1.10879,1.809034,3.314099,3.315931,3.357359,3.741535,0.0,1.106959,0.6047613,5.2059,5.19652,0.8789246
2025-08-19T12:15:20.547753,0.0056166,0.683151,0.348407,0.279116,6.105e-05,0.0,0.1639562,0.00195186,0.307418,0.07990261,0.0112332,4.68825,0.8017574,0.8014644,1.107691,1.809522,3.313183,3.314099,3.307249,3.723903,0.0,1.104028,0.6021972,5.21394,5.18714,0.8781188
2025-08-19T12:15:21.678807,0.0047619,0.6880306,0.3454792,0.2820438,6.105e-05,0.0,0.1776193,0.00195186,0.1493173,0.0823536,0.0106227,6.0724,0.8011714,0.8018308,1.107691,1.807568,3.315931,3.315931,3.33416,3.740607,0.0,1.108424,0.6065928,5.20858,5.20054,0.8810737
2025-08-19T12:15:22.707468,0.00482295,0.6851029,0.3474311,0.2810678,6.105e-05,0.0,0.166884,0.00195186,0.2839956,0.07745161,0.0107448,6.34923,0.8011714,0.8010981,1.106226,1.809522,3.314099,3.315015,3.331376,3.724831,0.0,1.114651,0.6051276,5.20054,5.2193,0.8775815
2025-08-19T12:15:23.841765,0.00482295,0.6753436,0.3464552,0.2830197,0.00018315,0.0,0.1620044,0.00097593,0.2732604,0.0284316,0.0108669,6.28672,0.8008783,0.802197,1.106959,1.809034,3.315015,3.314099,3.313745,3.745246,0.0,1.107691,0.6032961,5.20456,5.20992,0.8791933
2025-08-19T12:15:24.868812,0.0051282,0.6568009,0.3454792,0.2839956,0.00018315,0.0,0.2683808,0.00292779,0.3054661,0.07745161,0.0108669,5.93845,0.8008783,0.8010981,1.107691,1.808057,3.314099,3.316846,3.318385,3.722976,0.0,1.104394,0.6029298,5.20054,5.1925,0.8789246
2025-08-19T12:15:25.895822,0.0054945,0.5787265,0.3454792,0.2722845,6.105e-05,0.0,0.1854267,0.00195186,0.08392998,0.0,0.0105006,5.50088,0.8008783,0.8014644,1.107325,1.809522,3.313183,3.314099,3.307249,3.726687,0.0,1.114285,0.6036624,5.21394,5.19116,0.8794619
2025-08-19T12:15:26.925752,0.0052503,0.5611597,0.3464552,0.2839956,6.105e-05,0.0,0.1590766,0.00195186,0.2635011,0.06715741,0.0117216,4.48286,0.8002922,0.8018308,1.107691,1.809522,3.315015,3.315015,3.310033,3.726687,0.0,1.105127,0.6040287,5.20322,5.1925,0.8786561
2025-08-19T12:15:27.953621,0.0058608,0.6821751,0.3464552,0.2888753,0.00018315,0.0,0.1590766,0.00292779,0.2878993,0.0696084,0.0112332,6.56355,0.8014645,0.8029296,1.106959,1.810987,3.314099,3.316846,3.331376,3.75267,0.0,1.106592,0.6036624,5.19652,5.20322,0.8853715
2025-08-19T12:15:28.983292,0.0047619,0.6792473,0.3571904,0.2839956,0.00018315,0.0,0.1561488,0.00390372,0.2908272,0.0700986,0.0103785,4.62574,0.8008783,0.8010981,1.107691,1.806592,3.312268,3.314099,3.327664,3.748958,0.0,1.104394,0.6025635,5.19786,5.19786,0.8757012
2025-08-19T12:15:30.013736,0.0047619,0.6841269,0.3454792,0.2810678,6.105e-05,0.0,0.1590766,0.00097593,0.2810678,0.068628,0.0106227,6.37602,0.8011714,0.802197,1.107691,1.809522,3.313183,3.315931,3.327664,3.725759,0.0,1.106959,0.6025635,5.20992,5.1992,0.876507
2025-08-19T12:15:31.042757,0.00470085,0.6821751,0.3571904,0.2878993,6.105e-05,0.0,0.1824989,0.00390372,0.3044902,0.0004902,0.0106227,6.37602,0.8008783,0.8014644,1.108058,1.809522,3.314099,3.315015,3.307249,3.724831,0.0,1.104394,0.604395,5.20054,5.20456,0.8783874
2025-08-19T12:15:32.074896,0.0053724,0.5631116,0.3464552,0.2703326,0.0,0.0,0.1610285,0.00195186,0.03513348,0.0,0.0107448,4.53644,0.8017574,0.8018308,1.106959,1.811964,3.315015,3.315015,3.309105,3.725759,0.0,1.105494,0.604395,5.20992,5.20322,0.8759698
2025-08-19T12:15:33.103550,0.0050061,0.5621357,0.3464552,0.2732604,6.105e-05,0.0,0.1620044,0.00097593,0.03220569,0.0,0.0106227,4.43821,0.8011714,0.8014644,1.107691,1.809034,3.313183,3.315931,3.307249,3.725759,0.0,1.108424,0.6036624,5.20054,5.20322,0.8789246
2025-08-19T12:15:34.139743,0.0056166,0.6841269,0.3474311,0.2830197,6.105e-05,0.0,0.16786,0.00195186,0.2576455,0.0573534,0.0107448,5.99203,0.8008783,0.8018308,1.10879,1.809522,3.313183,3.315015,3.327664,3.729471,0.0,1.106592,0.6036624,5.20992,5.18982,0.8778502
2025-08-19T12:15:35.168249,0.00482295,0.5631116,0.3454792,0.2859475,0.00018315,0.0,0.1629803,0.00292779,0.3083939,0.0803928,0.0106227,6.34923,0.8011714,0.8029296,1.106226,1.808545,3.313183,3.316846,3.313745,3.741535,0.0,1.10586,0.6036624,5.20322,5.19786,0.8791933
2025-08-19T12:15:36.197776,0.00482295,0.5611597,0.3581663,0.279116,6.105e-05,0.0,0.1639562,0.00292779,0.2898512,0.07156921,0.0106227,4.465,0.8017574,0.8010981,1.104394,1.805615,3.315015,3.314099,3.310033,3.740607,0.0,1.108058,0.6036624,5.20322,5.19384,0.8773129
2025-08-19T12:15:37.230062,0.00494505,0.6714398,0.3454792,0.2869234,6.105e-05,0.0,0.1639562,0.00097593,0.2752123,0.0848046,0.0108669,6.3403,0.8011714,0.802197,1.106959,1.808057,3.314099,3.314099,3.331376,3.726687,0.0,1.113552,0.6025635,5.19786,5.18714,0.8781188
2025-08-19T12:15:38.258587,0.0052503,0.6792473,0.3474311,0.2869234,6.105e-05,0.0,0.1805471,0.00097593,0.1727396,0.0446082,0.0108669,4.78648,0.8011714,0.8010981,1.108058,1.808545,3.313183,3.314099,3.311889,3.726687,0.0,1.10879,0.6032961,5.20054,5.19786,0.8789246
2025-08-19T12:15:39.286390,0.0047619,0.6704639,0.3464552,0.2830197,0.00018315,0.0,0.1629803,0.00292779,0.307418,0.063726,0.0106227,6.38495,0.8011714,0.802197,1.107691,1.808545,3.314099,3.315015,3.309105,3.741535,0.0,1.106592,0.604395,5.19384,5.18848,0.8797306
2025-08-19T12:15:40.322203,0.00518925,0.6841269,0.3591422,0.2800919,6.105e-05,0.0,0.1590766,0.00195186,0.2966827,0.07990261,0.0106227,6.47425,0.8011714,0.8025633,1.108058,1.806592,3.314099,3.314099,3.327664,3.741535,0.0,1.107325,0.6032961,5.20992,5.20992,0.8775815
2025-08-19T12:15:41.350187,0.00457875,0.6919344,0.3659738,0.2800919,0.00018315,0.0,0.1600525,0.00097593,0.2869234,0.0764712,0.0108669,6.67071,0.8011714,0.8018308,1.106959,1.808545,3.310436,3.314099,3.311889,3.726687,0.0,1.101464,0.6021972,5.19652,5.20322,0.8810737
2025-08-19T12:15:42.382160,0.0053724,0.6460656,0.3464552,0.2722845,6.105e-05,0.0,0.1639562,0.00195186,0.2732604,0.0,0.0105006,6.4296,0.8005854,0.8025633,1.108424,1.809522,3.314099,3.315015,3.309105,3.724831,0.0,1.110255,0.6047613,5.21126,5.1992,0.8775815
2025-08-19T12:15:43.410640,0.0058608,0.6031247,0.3464552,0.2703326,6.105e-05,0.0,0.1571247,0.0,0.03415755,0.0764712,0.0107448,6.09026,0.8011714,0.8025633,1.104394,1.809034,3.314099,3.315931,3.329521,3.723903,0.0,1.115017,0.6025635,5.20188,5.20054,0.8781188
2025-08-19T12:15:44.439240,0.00482295,0.6909585,0.3464552,0.2849716,0.00018315,0.0,0.1610285,0.0,0.2771641,0.0651966,0.0108669,6.67964,0.8011714,0.8018308,1.104394,1.809034,3.313183,3.315931,3.307249,3.722048,0.0,1.113552,0.6010983,5.20322,5.20322,0.876507
2025-08-19T12:15:45.469588,0.00494505,0.5592079,0.3454792,0.279116,6.105e-05,0.0,0.1600525,0.00097593,0.05562801,0.0,0.0101343,4.974009,0.8008783,0.8010981,1.107325,1.808545,3.312268,3.315015,3.319313,3.725759,0.0,1.104394,0.6036624,5.1992,5.1992,0.8789246
2025-08-19T12:15:46.501859,0.0053724,0.6860789,0.3581663,0.2839956,6.105e-05,0.0,0.1805471,0.00097593,0.3103457,0.0691182,0.0105006,6.501039,0.8005854,0.8025633,1.106959,1.809522,3.314099,3.316846,3.355503,3.733183,0.0,1.112453,0.6029298,5.20188,5.20322,0.8791933
2025-08-19T12:15:47.530286,0.0053724,0.5670154,0.3464552,0.2771641,0.00018315,0.0,0.1756674,0.00097593,0.08197812,0.0,0.0107448,5.474089,0.8014645,0.8029296,1.108058,1.808545,3.314099,3.315931,3.355503,3.725759,0.0,1.112087,0.6018309,5.22198,5.19384,0.8778502
2025-08-19T12:15:48.556753,0.00494505,0.6890066,0.3435274,0.279116,6.105e-05,0.0,0.1659081,0.00097593,0.2264158,0.061275,0.0106227,6.6082,0.8011714,0.802197,1.104394,1.809034,3.313183,3.315931,3.327664,3.729471,0.0,1.107691,0.6029298,5.19786,5.19652,0.8781188
2025-08-19T12:15:49.688177,0.0058608,0.5650635,0.3581663,0.2781401,6.105e-05,0.0,0.1590766,0.0,0.0712429,0.0014706,0.0112332,5.55446,0.8008783,0.8018308,1.107691,1.808545,3.314099,3.315931,3.309105,3.722976,0.0,1.107691,0.6047613,5.21394,5.1925,0.8832226
2025-08-19T12:15:50.718016,0.0058608,0.6821751,0.3464552,0.2800919,6.105e-05,0.0,0.1639562,0.00390372,0.2878993,0.0622554,0.0107448,6.643919,0.8008783,0.8014644,1.10879,1.808545,3.314099,3.314099,3.327664,3.726687,0.0,1.106592,0.6018309,5.20322,5.20054,0.8789246
2025-08-19T12:15:51.746130,0.00506715,0.5601838,0.3474311,0.2781401,0.00018315,0.0,0.1561488,0.00195186,0.3366958,0.0848046,0.0105006,5.33121,0.8002922,0.8025633,1.104394,1.809034,3.315015,3.315015,3.326736,3.740607,0.0,1.104394,0.6065928,5.20188,5.21394,0.8783874
2025-08-19T12:15:52.777503,0.0056166,0.6753436,0.3503589,0.2820438,6.105e-05,0.0,0.1571247,0.00487965,0.1141838,0.071079,0.0105006,5.51874,0.8002922,0.802197,1.104394,1.809034,3.314099,3.315931,3.309105,3.724831,0.0,1.101464,0.6003657,5.20322,5.20456,0.8783874
2025-08-19T12:15:53.808135,0.0059829,0.6772955,0.3454792,0.2713085,6.105e-05,0.0,0.1610285,0.00390372,0.03025383,0.0,0.0106227,4.45607,0.8017574,0.8025633,1.108058,1.804638,3.312268,3.315931,3.357359,3.728543,0.0,1.110622,0.6014646,5.19384,5.19652,0.8786561
2025-08-19T12:15:54.837862,0.00482295,0.6226434,0.3445033,0.2771641,6.105e-05,0.0,0.1610285,0.00292779,0.1483414,0.002451,0.0105006,5.45623,0.8011714,0.802197,1.108058,1.809034,3.314099,3.315015,3.309105,3.724831,0.0,1.113552,0.6029298,5.2126,5.2193,0.8781188
2025-08-19T12:15:55.871058,0.0047619,0.6958381,0.3571904,0.2781401,6.105e-05,0.0,0.1581007,0.00195186,0.2420307,0.0750006,0.0107448,6.52783,0.8008783,0.8018308,1.107691,1.809034,3.314099,3.315931,3.311889,3.723903,0.0,1.108424,0.6036624,5.1925,5.20456,0.8813422
2025-08-19T12:15:56.903839,0.00482295,0.6841269,0.3474311,0.2849716,6.105e-05,0.0,0.1620044,0.00195186,0.2117768,0.061275,0.010989,6.0724,0.8011714,0.8029296,1.10586,1.808545,3.313183,3.315015,3.311889,3.741535,0.0,1.104394,0.6021972,5.20992,5.19652,0.8786561
2025-08-19T12:15:57.929537,0.00531135,0.5640876,0.3562145,0.2878993,6.105e-05,0.0,0.1561488,0.00487965,0.04489278,0.0,0.0107448,5.509809,0.8008783,0.8010981,1.108058,1.809034,3.314099,3.314099,3.331376,3.722048,0.0,1.104394,0.6040287,5.1992,5.20054,0.8743581
2025-08-19T12:15:58.965791,0.00494505,0.6870547,0.3464552,0.279116,6.105e-05,0.0,0.1610285,0.00292779,0.2761882,0.07254961,0.0107448,6.14384,0.8011714,0.802197,1.107691,1.807568,3.313183,3.314099,3.327664,3.726687,0.0,1.106226,0.6036624,5.20992,5.1925,0.8781188
2025-08-19T12:16:00.000471,0.0058608,0.6011729,0.348407,0.2683808,0.0,0.0,0.166884,0.0,0.03318162,0.0,0.0107448,4.44714,0.8011714,0.802197,1.108058,1.808057,3.314099,3.314099,3.357359,3.740607,0.0,1.106959,0.6014646,5.19786,5.19652,0.8783874
2025-08-19T12:16:01.026951,0.0050061,0.6860789,0.3464552,0.279116,0.00018315,0.0,0.1581007,0.0,0.2420307,0.0852948,0.0103785,6.08133,0.8008783,0.8029296,1.106959,1.807568,3.312268,3.315931,3.319313,3.723903,0.0,1.113552,0.6032961,5.19786,5.1925,0.8783874
2025-08-19T12:16:02.061557,0.00506715,0.6880306,0.3464552,0.2800919,6.105e-05,0.0,0.1561488,0.00292779,0.1317506,0.07745161,0.0112332,6.66178,0.8011714,0.8010981,1.108424,1.809034,3.315015,3.315931,3.319313,3.748958,0.0,1.101464,0.6029298,5.1992,5.20054,0.8783874
2025-08-19T12:16:03.088000,0.0058608,0.5806784,0.348407,0.2781401,6.105e-05,0.0,0.1551729,0.00292779,0.05270022,0.0039216,0.0105006,5.18833,0.8008783,0.8014644,1.107691,1.807568,3.313183,3.315015,3.308177,3.724831,0.0,1.105127,0.6032961,5.1925,5.2126,0.8786561
2025-08-19T12:16:04.115302,0.0053724,0.6870547,0.3454792,0.279116,6.105e-05,0.0,0.1551729,0.00097593,0.2830197,0.0573534,0.0112332,6.63499,0.8002922,0.802197,1.10586,1.808545,3.314099,3.314099,3.327664,3.722048,0.0,1.104028,0.6032961,5.20858,5.20456,0.8775815
2025-08-19T12:16:05.142669,0.0056166,0.6851029,0.3454792,0.2810678,0.00018315,0.0,0.1620044,0.00097593,0.3191291,0.029412,0.0106227,5.92059,0.8017574,0.8014644,1.107325,1.809522,3.312268,3.314099,3.319313,3.722976,0.0,1.107325,0.608058,5.18714,5.21528,0.8783874
2025-08-19T12:16:06.173818,0.00592185,0.5601838,0.3454792,0.2800919,6.105e-05,0.0,0.1590766,0.00292779,0.3249847,0.0745104,0.0106227,4.45607,0.8008783,0.8032959,1.107691,1.809034,3.315015,3.315015,3.319313,3.740607,0.0,1.105127,0.6040287,5.20992,5.19518,0.8797306
2025-08-19T12:16:07.201730,0.00543345,0.6714398,0.3464552,0.2752123,0.00018315,0.0,0.2137287,0.00097593,0.3171773,0.0823536,0.0108669,6.40281,0.8011714,0.8010981,1.10586,1.809034,3.314099,3.315931,3.319313,3.735039,0.0,1.109889,0.6029298,5.1992,5.20054,0.8781188
2025-08-19T12:16:08.229108,0.0051282,0.5650635,0.3454792,0.2722845,6.105e-05,0.0,0.1639562,0.0,0.03318162,0.0,0.0105006,5.55446,0.8011714,0.8003655,1.106959,1.809034,3.313183,3.316846,3.327664,3.725759,0.0,1.112453,0.6047613,5.2193,5.18982,0.8853715
2025-08-19T12:16:09.262572,0.0050061,0.5601838,0.3435274,0.2683808,6.105e-05,0.0,0.1590766,0.00097593,0.05465208,0.0,0.0107448,4.47393,0.8011714,0.802197,1.106959,1.809522,3.314099,3.314099,3.309105,3.729471,0.0,1.10879,0.6032961,5.207239,5.18714,0.8786561
2025-08-19T12:16:10.303809,0.0052503,0.5777506,0.3581663,0.2839956,6.105e-05,0.0,0.166884,0.00292779,0.2722845,0.0764712,0.0107448,6.134909,0.8017574,0.802197,1.107691,1.809034,3.314099,3.315015,3.327664,3.733183,0.0,1.113552,0.6010983,5.19652,5.19652,0.8781188
2025-08-19T12:16:11.330855,0.00482295,0.6626565,0.3464552,0.2839956,0.00018315,0.0,0.1629803,0.0,0.3083939,0.0764712,0.0101343,6.40281,0.8017574,0.8025633,1.104394,1.810987,3.314099,3.314099,3.327664,3.742463,0.0,1.10586,0.6029298,5.20456,5.20456,0.8781188
2025-08-19T12:16:12.361258,0.00543345,0.6851029,0.36207,0.2878993,6.105e-05,0.0,0.1600525,0.00292779,0.2898512,0.0068628,0.0107448,5.474089,0.8008783,0.8029296,1.107691,1.808545,3.313183,3.314099,3.310033,3.722048,0.0,1.109156,0.6065928,5.207239,5.20992,0.8783874
2025-08-19T12:16:13.389324,0.00506715,0.6899826,0.3454792,0.2800919,0.00018315,0.0,0.1698118,0.00195186,0.3103457,0.0617652,0.0106227,6.518899,0.8011714,0.8018308,1.106959,1.809522,3.313183,3.315015,3.307249,3.729471,0.0,1.11282,0.6036624,5.22064,5.21796,0.8781188
2025-08-19T12:16:14.420750,0.00506715,0.6870547,0.3474311,0.279116,0.00018315,0.0,0.1620044,0.00292779,0.2908272,0.0779418,0.0106227,6.34923,0.8014645,0.802197,1.107325,1.807568,3.314099,3.315015,3.307249,3.724831,0.0,1.104394,0.6014646,5.20322,5.19518,0.8775815
2025-08-19T12:16:15.449410,0.0054945,0.6802233,0.3474311,0.2839956,6.105e-05,0.0,0.1600525,0.00292779,0.3044902,0.0745104,0.0103785,6.21528,0.8017574,0.8029296,1.108058,1.806592,3.312268,3.316846,3.341584,3.726687,0.0,1.113552,0.6040287,5.20322,5.20992,0.8778502
2025-08-19T12:16:16.478004,0.0052503,0.6860789,0.3571904,0.2839956,6.105e-05,0.0,0.1581007,0.00292779,0.292779,0.0764712,0.0111111,6.35816,0.8011714,0.8025633,1.106226,1.809034,3.313183,3.316846,3.318385,3.722048,0.0,1.105127,0.6014646,5.20992,5.20456,0.8791933
2025-08-19T12:16:17.506846,0.00494505,0.6851029,0.3454792,0.2839956,6.105e-05,0.0,0.1571247,0.00292779,0.2976587,0.080883,0.010989,6.36709,0.8014645,0.802197,1.108058,1.809522,3.312268,3.315015,3.309105,3.724831,0.0,1.109156,0.6018309,5.19652,5.19652,0.8810737
2025-08-19T12:16:18.546724,0.0056166,0.6870547,0.3464552,0.2839956,6.105e-05,0.0,0.1620044,0.00292779,0.2849716,0.0700986,0.0106227,6.38495,0.8011714,0.8014644,1.107691,1.808545,3.315015,3.314099,3.329521,3.726687,0.0,1.107691,0.6047613,5.20322,5.20188,0.8786561
2025-08-19T12:16:19.573719,0.0058608,0.5738469,0.3562145,0.2752123,6.105e-05,0.0,0.1551729,0.0,0.1180875,0.0,0.0106227,5.29549,0.8011714,0.8014644,1.107691,1.809034,3.314099,3.315931,3.309105,3.726687,0.0,1.110255,0.6018309,5.1992,5.20322,0.8762386
2025-08-19T12:16:20.604128,0.0052503,0.5601838,0.3454792,0.2771641,6.105e-05,0.0,0.1610285,0.00292779,0.112232,0.0,0.0106227,5.04545,0.8011714,0.8025633,1.108424,1.809034,3.314099,3.315931,3.308177,3.724831,0.0,1.113552,0.6036624,5.20188,5.19518,0.8813422
2025-08-19T12:16:21.732827,0.00482295,0.6636324,0.3454792,0.2839956,6.105e-05,0.0,0.1659081,0.00195186,0.2888753,0.0769614,0.0108669,6.68857,0.8011714,0.8029296,1.108424,1.809034,3.315015,3.314099,3.309105,3.724831,0.0,1.104761,0.604395,5.20322,5.20322,0.8783874
2025-08-19T12:16:22.760625,0.00482295,0.6782714,0.3454792,0.2830197,6.105e-05,0.0,0.1707878,0.0,0.2186083,0.0769614,0.0108669,6.47425,0.8008783,0.8014644,1.108058,1.808545,3.313183,3.314099,3.329521,3.733183,0.0,1.10586,0.6036624,5.20054,5.226,0.8770444
2025-08-19T12:16:23.790661,0.00531135,0.6811991,0.348407,0.2761882,0.00018315,0.0,0.1610285,0.00292779,0.3035142,0.0852948,0.0108669,6.58141,0.8008783,0.8018308,1.108058,1.809034,3.313183,3.314099,3.327664,3.724831,0.0,1.109523,0.6032961,5.23538,5.22332,0.8778502
2025-08-19T12:16:24.821233,0.00506715,0.6080044,0.3464552,0.2693567,6.105e-05,0.0,0.1620044,0.00292779,0.2108009,0.0029412,0.0107448,4.42035,0.8014645,0.802197,1.108424,1.809034,3.314099,3.314099,3.328592,3.741535,0.0,1.106959,0.6036624,5.22064,5.19786,0.8783874
2025-08-19T12:16:25.850610,0.00531135,0.6821751,0.3474311,0.2800919,6.105e-05,0.0,0.1590766,0.00195186,0.2878993,0.068628,0.0117216,6.71536,0.8017574,0.8029296,1.106959,1.808545,3.314099,3.315015,3.331376,3.726687,0.0,1.106226,0.6040287,5.20456,5.19384,0.8789246
2025-08-19T12:16:26.879419,0.0052503,0.6860789,0.3474311,0.2810678,0.00018315,0.0,0.1776193,0.00195186,0.3025383,0.083334,0.0112332,6.643919,0.8008783,0.802197,1.10586,1.809034,3.314099,3.314099,3.329521,3.756382,0.0,1.115017,0.6065928,5.22466,5.21528,0.8789246
2025-08-19T12:16:27.910799,0.00592185,0.6880306,0.3445033,0.2839956,6.105e-05,0.0,0.1639562,0.00097593,0.3122976,0.075981,0.0106227,5.60804,0.8017574,0.8036622,1.106226,1.809034,3.314099,3.315931,3.311889,3.741535,0.0,1.105127,0.604395,5.19786,5.20188,0.8781188
2025-08-19T12:16:28.942254,0.0053724,0.5621357,0.3581663,0.2810678,0.00018315,0.0,0.1571247,0.00292779,0.2732604,0.022059,0.0107448,4.84006,0.8017574,0.8018308,1.104394,1.808545,3.313183,3.315015,3.319313,3.722976,0.0,1.109156,0.6025635,5.19786,5.19518,0.8805364
2025-08-19T12:16:29.978928,0.00482295,0.6811991,0.3445033,0.2839956,0.00018315,0.0,0.1649322,0.00585558,0.2957068,0.0681378,0.0106227,6.50997,0.8011714,0.8029296,1.107691,1.808545,3.313183,3.316846,3.307249,3.724831,0.0,1.105494,0.6025635,5.20054,5.1925,0.8762386
2025-08-19T12:16:31.010568,0.0058608,0.6880306,0.348407,0.2800919,6.105e-05,0.0,0.1649322,0.00487965,0.09368929,0.0,0.0105006,5.19726,0.8011714,0.8018308,1.106959,1.809522,3.314099,3.314099,3.308177,3.741535,0.0,1.10586,0.6036624,5.2126,5.19518,0.8778502
2025-08-19T12:16:32.042474,0.00543345,0.6811991,0.3474311,0.2800919,6.105e-05,0.0,0.1659081,0.0,0.2986346,0.0647064,0.0108669,6.22421,0.8011714,0.8018308,1.10586,1.808057,3.313183,3.315015,3.319313,3.733183,0.0,1.105127,0.6029298,5.20456,5.1992,0.8810737
2025-08-19T12:16:33.069621,0.00506715,0.6909585,0.36207,0.2849716,6.105e-05,0.0,0.1610285,0.0,0.2976587,0.0750006,0.0107448,6.42067,0.8005854,0.8025633,1.107325,1.81001,3.312268,3.315931,3.307249,3.726687,0.0,1.10586,0.6032961,5.19652,5.18714,0.8781188
2025-08-19T12:16:34.100803,0.0053724,0.5904376,0.3445033,0.2800919,0.0,0.0,0.1629803,0.00292779,0.2586215,0.061275,0.010989,6.34923,0.8011714,0.802197,1.107691,1.809034,3.313183,3.315015,3.309105,3.729471,0.0,1.107691,0.6036624,5.20322,5.20188,0.8762386
2025-08-19T12:16:35.134651,0.0051282,0.5933654,0.3474311,0.279116,0.00018315,0.0,0.1854267,0.00195186,0.09368929,0.0078432,0.0106227,5.34907,0.8011714,0.8010981,1.108058,1.806592,3.313183,3.315931,3.302609,3.723903,0.0,1.10879,0.6036624,5.19786,5.18714,0.8778502
2025-08-19T12:16:36.175861,0.00506715,0.6851029,0.3464552,0.2800919,6.105e-05,0.0,0.1600525,0.0,0.2898512,0.068628,0.0106227,4.6436,0.8011714,0.8032959,1.107691,1.810987,3.313183,3.315015,3.340656,3.722048,0.0,1.106226,0.6036624,5.1992,5.19652,0.8799991
2025-08-19T12:16:37.209981,0.00506715,0.6851029,0.3571904,0.2703326,6.105e-05,0.0,0.1785952,0.00195186,0.03318162,0.0,0.0106227,4.44714,0.8011714,0.802197,1.104394,1.804638,3.314099,3.314099,3.355503,3.740607,0.0,1.101464,0.6040287,5.20992,5.1925,0.8789246
2025-08-19T12:16:38.241962,0.00506715,0.6733917,0.3464552,0.2820438,0.00018315,0.0,0.1737155,0.00195186,0.3035142,0.07745161,0.0105006,6.65285,0.8011714,0.8029296,1.108424,1.809034,3.310436,3.315015,3.329521,3.748958,0.0,1.110988,0.6040287,5.2126,5.19384,0.876507
2025-08-19T12:16:39.369468,0.0054945,0.6860789,0.3454792,0.2800919,0.0,0.0,0.1610285,0.00390372,0.2732604,0.071079,0.0106227,6.63499,0.8005854,0.8029296,1.108058,1.808057,3.315015,3.315931,3.307249,3.741535,0.0,1.108424,0.6051276,5.20992,5.1925,0.8783874
2025-08-19T12:16:40.397565,0.0052503,0.668512,0.3474311,0.2800919,6.105e-05,0.0,0.166884,0.00292779,0.08490592,0.0044118,0.0106227,5.40265,0.8005854,0.8018308,1.106226,1.808545,3.313183,3.315015,3.313745,3.722976,0.0,1.107325,0.6021972,5.23002,5.207239,0.8786561
2025-08-19T12:16:41.530626,0.00592185,0.6890066,0.3474311,0.2869234,6.105e-05,0.0,0.1581007,0.00097593,0.306442,0.0779418,0.0107448,6.33137,0.8008783,0.8018308,1.107325,1.810987,3.314099,3.315015,3.331376,3.718336,0.0,1.109156,0.6018309,5.20456,5.19652,0.8789246
2025-08-19T12:16:42.558461,0.00457875,0.6792473,0.3454792,0.279116,0.00018315,0.0,0.1620044,0.00390372,0.306442,0.0691182,0.0106227,6.37602,0.8017574,0.8018308,1.107691,1.809034,3.314099,3.315015,3.318385,3.729471,0.0,1.104028,0.6036624,5.20858,5.19116,0.8783874
2025-08-19T12:16:43.589127,0.0058608,0.6870547,0.3464552,0.2878993,6.105e-05,0.0,0.1776193,0.00390372,0.3035142,0.07745161,0.0107448,6.59927,0.8011714,0.8032959,1.108058,1.809522,3.310436,3.315015,3.328592,3.741535,0.0,1.105127,0.6040287,5.20054,5.20054,0.8743581
2025-08-19T12:16:44.619963,0.00543345,0.5631116,0.3464552,0.2752123,0.00018315,0.0,0.1629803,0.00097593,0.208849,0.0029412,0.0106227,6.501039,0.8002922,0.8029296,1.106959,1.809034,3.313183,3.314099,3.309105,3.741535,0.0,1.110622,0.6018309,5.20054,5.1925,0.880805
2025-08-19T12:16:45.646258,0.0052503,0.6070285,0.3464552,0.2849716,6.105e-05,0.0,0.1795711,0.00390372,0.1766433,0.0044118,0.0106227,5.59018,0.8011714,0.8032959,1.108424,1.808545,3.314099,3.315931,3.310033,3.741535,0.0,1.104394,0.6036624,5.207239,5.21126,0.8770444
2025-08-19T12:16:46.679803,0.00482295,0.5611597,0.3454792,0.2839956,6.105e-05,0.0,0.1600525,0.00292779,0.2937549,0.07156921,0.0105006,4.39356,0.8002922,0.802197,1.108058,1.806592,3.310436,3.316846,3.319313,3.726687,0.0,1.104394,0.6029298,5.18714,5.19786,0.8799991
2025-08-19T12:16:47.716547,0.00543345,0.6870547,0.3591422,0.2820438,0.00018315,0.0,0.1659081,0.00195186,0.2732604,0.0676476,0.0106227,6.49211,0.8011714,0.8029296,1.106959,1.809034,3.312268,3.315015,3.357359,3.741535,0.0,1.113552,0.6018309,5.20054,5.19786,0.8791933
2025-08-19T12:16:48.744673,0.00531135,0.5787265,0.3464552,0.2800919,6.105e-05,0.0,0.1600525,0.0,0.2410547,0.0397062,0.0108669,4.57216,0.8014645,0.8018308,1.106592,1.808057,3.314099,3.316846,3.319313,3.726687,0.0,1.110988,0.6065928,5.22198,5.20054,0.8791933
2025-08-19T12:16:49.771722,0.00506715,0.5592079,0.3581663,0.2800919,6.105e-05,0.0,0.1756674,0.00487965,0.03122976,0.0764712,0.0107448,4.39356,0.8011714,0.802197,1.104394,1.809034,3.313183,3.315015,3.319313,3.724831,0.0,1.113918,0.6032961,5.18848,5.21528,0.876507
2025-08-19T12:16:50.798989,0.0056166,0.5806784,0.3454792,0.2830197,6.105e-05,0.0,0.1610285,0.00390372,0.08490592,0.0,0.0107448,4.52751,0.8008783,0.8014644,1.107325,1.809034,3.314099,3.316846,3.325809,3.722976,0.0,1.116482,0.6062265,5.22064,5.2126,0.8775815
2025-08-19T12:16:51.829868,0.00506715,0.6860789,0.3464552,0.2849716,6.105e-05,0.0,0.1659081,0.00292779,0.3220569,0.0764712,0.0108669,6.67964,0.8017574,0.8018308,1.106226,1.809034,3.313183,3.315015,3.319313,3.748958,0.0,1.104761,0.6032961,5.207239,5.19652,0.8810737
2025-08-19T12:16:52.857780,0.0059829,0.5650635,0.348407,0.2722845,0.00018315,0.0,0.1551729,0.0,0.03513348,0.0,0.0105006,4.47393,0.8008783,0.802197,1.108424,1.809034,3.310436,3.315015,3.327664,3.740607,0.0,1.113552,0.6047613,5.19786,5.1925,0.876507
2025-08-19T12:16:53.988467,0.00506715,0.6870547,0.3591422,0.2722845,6.105e-05,0.0,0.166884,0.00195186,0.03318162,0.0,0.0106227,4.5543,0.8008783,0.8032959,1.107325,1.809034,3.314099,3.314099,3.319313,3.724831,0.0,1.108424,0.6036624,5.1992,5.19786,0.876507
2025-08-19T12:16:55.120689,0.0056166,0.5914136,0.3669497,0.2849716,6.105e-05,0.0,0.1785952,0.00390372,0.1493173,0.0058824,0.0107448,5.29549,0.8002922,0.8029296,1.107691,1.806592,3.314099,3.314099,3.309105,3.727615,0.0,1.104394,0.6051276,5.21528,5.20188,0.8786561
2025-08-19T12:16:56.147022,0.00457875,0.5777506,0.3474311,0.2732604,6.105e-05,0.0,0.1698118,0.00292779,0.09466522,0.0,0.0107448,5.25084,0.8008783,0.8018308,1.107691,1.809522,3.313183,3.314099,3.310033,3.726687,0.0,1.108058,0.6051276,5.21394,5.19518,0.8781188
2025-08-19T12:16:57.177439,0.00531135,0.6899826,0.3679256,0.2820438,6.105e-05,0.0,0.1581007,0.00097593,0.2108009,0.080883,0.0106227,5.92952,0.8002922,0.802197,1.107325,1.809034,3.313183,3.314099,3.310033,3.726687,0.0,1.102929,0.6047613,5.1992,5.20456,0.8810737
2025-08-19T12:16:58.209125,0.00482295,0.6870547,0.3474311,0.279116,0.00018315,0.0,0.1610285,0.00390372,0.2878993,0.07745161,0.0107448,6.40281,0.8008783,0.802197,1.107691,1.809034,3.312268,3.316846,3.309105,3.740607,0.0,1.104028,0.6040287,5.20322,5.20456,0.8781188
2025-08-19T12:16:59.234957,0.00531135,0.5611597,0.3454792,0.2683808,0.00018315,0.0,0.1590766,0.00292779,0.03025383,0.0,0.0106227,5.04545,0.8011714,0.8014644,1.107691,1.809034,3.313183,3.316846,3.331376,3.727615,0.0,1.106959,0.6069591,5.226,5.22064,0.8783874
2025-08-19T12:17:00.260322,0.0056166,0.5601838,0.3571904,0.2693567,0.00018315,0.0,0.1639562,0.0,0.03415755,0.0,0.0101343,4.39356,0.8011714,0.8010981,1.107691,1.809522,3.313183,3.315931,3.307249,3.741535,0.0,1.106592,0.6021972,5.1992,5.19652,0.8781188
2025-08-19T12:17:01.289187,0.0056166,0.5611597,0.3503589,0.2713085,6.105e-05,0.0,0.1561488,0.00195186,0.03318162,0.0,0.0107448,5.31335,0.8008783,0.8010981,1.107691,1.809034,3.313183,3.315015,3.310033,3.726687,0.0,1.107691,0.604395,5.20992,5.19518,0.8773129
2025-08-19T12:17:02.322429,0.0054945,0.6821751,0.3464552,0.2839956,6.105e-05,0.0,0.1600525,0.00097593,0.3044902,0.0769614,0.0101343,6.4296,0.8008783,0.8025633,1.106226,1.807568,3.315015,3.315931,3.307249,3.741535,0.0,1.107691,0.6029298,5.20858,5.20858,0.8783874
2025-08-19T12:17:03.355107,0.00518925,0.6811991,0.3445033,0.2839956,6.105e-05,0.0,0.1727396,0.00390372,0.2771641,0.0769614,0.0105006,6.50997,0.8011714,0.8018308,1.107691,1.809034,3.313183,3.314099,3.302609,3.729471,0.0,1.108058,0.6051276,5.1925,5.21528,0.8778502
2025-08-19T12:17:04.384538,0.0052503,0.6821751,0.3474311,0.2869234,0.00018315,0.0,0.1581007,0.00487965,0.2742363,0.0740202,0.0103785,6.483179,0.8008783,0.8029296,1.107691,1.809034,3.314099,3.315015,3.327664,3.723903,0.0,1.106592,0.6018309,5.20188,5.1992,0.8783874
2025-08-19T12:17:05.414770,0.0052503,0.6851029,0.3591422,0.2752123,0.00018315,0.0,0.1610285,0.00292779,0.2576455,0.0622554,0.0106227,6.06347,0.8014645,0.802197,1.104394,1.808057,3.313183,3.315015,3.312817,3.774941,0.0,1.105127,0.6018309,5.1992,5.20322,0.8775815
2025-08-19T12:17:06.446493,0.0053724,0.6860789,0.3464552,0.2878993,6.105e-05,0.0,0.1571247,0.00195186,0.2117768,0.07745161,0.0106227,6.08133,0.8017574,0.802197,1.108058,1.808545,3.310436,3.315015,3.309105,3.722048,0.0,1.106592,0.6025635,5.20456,5.1992,0.8786561
2025-08-19T12:17:07.477832,0.0045177,0.6792473,0.3464552,0.2781401,0.00018315,0.0,0.1707878,0.00292779,0.3025383,0.0642162,0.0107448,6.37602,0.8014645,0.8018308,1.108058,1.809034,3.314099,3.314099,3.307249,3.741535,0.0,1.108058,0.6036624,5.1992,5.19786,0.8759698
2025-08-19T12:17:08.512749,0.0047619,0.5611597,0.3464552,0.2820438,0.00018315,0.0,0.1737155,0.0,0.2732604,0.0,0.0112332,3.67023,0.8011714,0.8018308,1.108058,1.809034,3.313183,3.316846,3.357359,3.724831,0.0,1.105127,0.604395,5.207239,5.19786,0.8791933
2025-08-19T12:17:09.543430,0.00482295,0.6811991,0.348407,0.2839956,0.00018315,0.0,0.1834748,0.0,0.3005864,0.07254961,0.0106227,6.09026,0.8011714,0.802197,1.107691,1.809034,3.313183,3.315015,3.311889,3.723903,0.0,1.109156,0.6073254,5.22332,5.18714,0.8781188
2025-08-19T12:17:10.572116,0.0052503,0.6821751,0.3454792,0.2888753,6.105e-05,0.0,0.1590766,0.00390372,0.2800919,0.068628,0.0106227,6.3403,0.8008783,0.8032959,1.107691,1.809034,3.313183,3.313183,3.357359,3.729471,0.0,1.105127,0.6036624,5.21126,5.20054,0.8786561
2025-08-19T12:17:11.601316,0.00543345,0.6704639,0.3445033,0.279116,6.105e-05,0.0,0.1649322,0.0,0.2898512,0.0656868,0.010989,6.39388,0.8017574,0.8018308,1.108058,1.806592,3.314099,3.315015,3.326736,3.722048,0.0,1.107325,0.6047613,5.21394,5.19652,0.8783874
2025-08-19T12:17:12.635028,0.0058608,0.6860789,0.3454792,0.2742363,6.105e-05,0.0,0.1600525,0.00195186,0.3191291,0.0764712,0.0108669,6.37602,0.8017574,0.802197,1.108424,1.81001,3.315015,3.315931,3.307249,3.726687,0.0,1.106226,0.6036624,5.20456,5.19384,0.8832226
2025-08-19T12:17:13.668205,0.0051282,0.6636324,0.3445033,0.2849716,0.00018315,0.0,0.1600525,0.00195186,0.3093698,0.0642162,0.0103785,6.62606,0.8008783,0.8025633,1.108058,1.809034,3.313183,3.316846,3.319313,3.726687,0.0,1.107691,0.6036624,5.1925,5.19384,0.8743581
2025-08-19T12:17:14.695398,0.0053724,0.6050766,0.3571904,0.2703326,6.105e-05,0.0,0.1600525,0.00195186,0.04684464,0.0,0.0103785,5.17047,0.8017574,0.8025633,1.108058,1.809034,3.314099,3.314099,3.311889,3.725759,0.0,1.110255,0.604395,5.2461,5.20054,0.8802678
2025-08-19T12:17:15.725340,0.00506715,0.6782714,0.3562145,0.2771641,6.105e-05,0.0,0.1610285,0.00195186,0.3044902,0.0647064,0.0101343,6.34923,0.8011714,0.802197,1.10586,1.806103,3.314099,3.310436,3.307249,3.724831,0.0,1.105127,0.6025635,5.20188,5.19652,0.8799991
2025-08-19T12:17:16.754260,0.00470085,0.5621357,0.3474311,0.2713085,0.0,0.0,0.1600525,0.00390372,0.03318162,0.0,0.0108669,4.40249,0.8008783,0.8014644,1.107325,1.810987,3.315015,3.315015,3.309105,3.724831,0.0,1.104394,0.6029298,5.19786,5.20456,0.8762386
2025-08-19T12:17:17.788377,0.0051282,0.6870547,0.3464552,0.2810678,6.105e-05,0.0,0.1639562,0.0,0.3015624,0.0750006,0.0101343,6.09919,0.8005854,0.8014644,1.107325,1.808545,3.315015,3.314099,3.327664,3.723903,0.0,1.104394,0.6036624,5.19652,5.1992,0.8775815
2025-08-19T12:17:18.816222,0.00506715,0.6714398,0.3454792,0.2859475,6.105e-05,0.0,0.1581007,0.00292779,0.2742363,0.07254961,0.0106227,6.21528,0.8017574,0.8010981,1.106959,1.808545,3.314099,3.315015,3.327664,3.727615,0.0,1.104028,0.6036624,5.1992,5.18714,0.8789246
2025-08-19T12:17:19.845856,0.00531135,0.6880306,0.3454792,0.292779,6.105e-05,0.0,0.166884,0.00097593,0.2752123,0.075981,0.0105006,6.57248,0.8011714,0.8025633,1.106226,1.808057,3.314099,3.314099,3.327664,3.733183,0.0,1.108424,0.6036624,5.20992,5.19786,0.8791933
2025-08-19T12:17:20.873439,0.00543345,0.612884,0.3464552,0.2800919,6.105e-05,0.0,0.1707878,0.00195186,0.1356543,0.0063726,0.0107448,5.491949,0.8008783,0.8025633,1.104394,1.809034,3.315015,3.316846,3.319313,3.748958,0.0,1.107691,0.6032961,5.21394,5.21394,0.8783874
2025-08-19T12:17:21.901241,0.00531135,0.5621357,0.3435274,0.2800919,0.00018315,0.0,0.2068972,0.0,0.0712429,0.0357846,0.0101343,5.42944,0.8008783,0.8010981,1.108058,1.808545,3.312268,3.315015,3.309105,3.724831,0.0,1.107691,0.6025635,5.20858,5.1992,0.876507
2025-08-19T12:17:22.934582,0.0059829,0.683151,0.3445033,0.2781401,0.00018315,0.0,0.1639562,0.00292779,0.2976587,0.0647064,0.0105006,5.85808,0.8011714,0.8018308,1.107691,1.808057,3.313183,3.315015,3.319313,3.740607,0.0,1.107325,0.6032961,5.22064,5.20322,0.8791933
2025-08-19T12:17:23.965760,0.00482295,0.558232,0.3445033,0.2703326,6.105e-05,0.0,0.1590766,0.00097593,0.03415755,0.0,0.0106227,4.43821,0.8011714,0.8018308,1.106959,1.809034,3.313183,3.315015,3.319313,3.733183,0.0,1.108424,0.604395,5.20188,5.1992,0.8791933
2025-08-19T12:17:24.995882,0.0051282,0.5601838,0.3464552,0.2781401,0.00018315,0.0,0.1590766,0.00195186,0.2771641,0.0,0.0107448,4.38463,0.8011714,0.8007318,1.108058,1.808545,3.312268,3.314099,3.307249,3.729471,0.0,1.105127,0.604395,5.20322,5.18714,0.876507
2025-08-19T12:17:26.025204,0.0056166,0.5601838,0.3445033,0.2693567,0.0,0.0,0.1571247,0.00292779,0.2781401,0.0,0.0105006,4.81327,0.8011714,0.802197,1.107691,1.808057,3.312268,3.316846,3.319313,3.740607,0.0,1.108058,0.6018309,5.20858,5.20054,0.8816109
2025-08-19T12:17:27.053688,0.00482295,0.5611597,0.3454792,0.2781401,6.105e-05,0.0,0.1571247,0.0,0.02830197,0.0,0.0101343,4.53644,0.8011714,0.8025633,1.106959,1.809034,3.314099,3.314099,3.326736,3.729471,0.0,1.105127,0.6029298,5.20858,5.20054,0.876507
2025-08-19T12:17:28.087693,0.0052503,0.6255712,0.3454792,0.2898512,6.105e-05,0.0,0.1795711,0.00097593,0.2420307,0.0078432,0.0101343,5.73306,0.8011714,0.8032959,1.107691,1.806592,3.312268,3.315931,3.313745,3.724831,0.0,1.10879,0.6040287,5.21394,5.21126,0.876507
2025-08-19T12:17:29.122290,0.00482295,0.6792473,0.3474311,0.279116,6.105e-05,0.0,0.1561488,0.00487965,0.2732604,0.07254961,0.0108669,6.08133,0.8017574,0.8025633,1.106226,1.809034,3.313183,3.314099,3.310033,3.741535,0.0,1.104394,0.6029298,5.20456,5.19786,0.8789246
2025-08-19T12:17:30.153099,0.0058608,0.5816543,0.3698775,0.2800919,0.0001221,0.0,0.1590766,0.00292779,0.1473654,0.0068628,0.0107448,5.40265,0.8011714,0.802197,1.10586,1.809034,3.313183,3.314099,3.319313,3.725759,0.0,1.105127,0.608058,5.20858,5.2126,0.8783874
2025-08-19T12:17:31.184718,0.00494505,0.6733917,0.3474311,0.2800919,6.105e-05,0.0,0.1688359,0.00390372,0.3191291,0.07892221,0.0106227,5.48302,0.8017574,0.802197,1.107691,1.809522,3.315015,3.315015,3.331376,3.745246,0.0,1.104394,0.6003657,5.1992,5.20992,0.8781188
2025-08-19T12:17:32.219531,0.0052503,0.6860789,0.3464552,0.279116,0.00018315,0.0,0.1620044,0.00195186,0.2878993,0.0696084,0.0106227,6.35816,0.8011714,0.802197,1.104394,1.81001,3.314099,3.314099,3.310033,3.727615,0.0,1.107691,0.6036624,5.20188,5.1925,0.8789246
2025-08-19T12:17:33.247342,0.00506715,0.5914136,0.3474311,0.2742363,6.105e-05,0.0,0.1610285,0.00195186,0.05367615,0.0,0.0105006,5.10796,0.8008783,0.8010981,1.107691,1.808057,3.315015,3.315015,3.319313,3.726687,0.0,1.106592,0.6021972,5.21796,5.19116,0.8791933
2025-08-19T12:17:34.276673,0.0058608,0.6626565,0.3503589,0.2878993,6.105e-05,0.0,0.1698118,0.00390372,0.2400788,0.0607848,0.0106227,6.36709,0.8011714,0.8025633,1.106959,1.809034,3.315015,3.315015,3.311889,3.724831,0.0,1.105127,0.6040287,5.2126,5.1992,0.8775815
2025-08-19T12:17:35.307962,0.00470085,0.6636324,0.348407,0.2781401,6.105e-05,0.0,0.1629803,0.00292779,0.3142495,0.07745161,0.0105006,6.643919,0.8008783,0.802197,1.10586,1.808057,3.315015,3.314099,3.357359,3.740607,0.0,1.106959,0.6018309,5.2059,5.22064,0.8783874
2025-08-19T12:17:36.335822,0.0050061,0.6811991,0.3581663,0.279116,6.105e-05,0.0,0.1581007,0.0,0.3015624,0.0720594,0.0107448,6.06347,0.8008783,0.8029296,1.108058,1.808057,3.315015,3.315931,3.307249,3.741535,0.0,1.103662,0.6040287,5.20322,5.20322,0.8816109
2025-08-19T12:17:37.363016,0.0059829,0.5601838,0.3425514,0.2693567,6.105e-05,0.0,0.1561488,0.00292779,0.03415755,0.0,0.0107448,4.83113,0.8011714,0.8014644,1.106592,1.808545,3.313183,3.315931,3.310033,3.735039,0.0,1.105494,0.6021972,5.1992,5.19786,0.8791933
2025-08-19T12:17:38.393962,0.00518925,0.6870547,0.3474311,0.2849716,0.00018315,0.0,0.1590766,0.00097593,0.3015624,0.0607848,0.0105006,6.22421,0.8008783,0.8025633,1.106592,1.809034,3.315015,3.315015,3.357359,3.726687,0.0,1.105494,0.600732,5.20992,5.20992,0.8775815
2025-08-19T12:17:39.421512,0.00531135,0.6792473,0.3464552,0.2849716,0.00018315,0.0,0.1571247,0.0,0.0390372,0.0,0.0106227,5.38479,0.8011714,0.8014644,1.106959,1.807568,3.314099,3.315015,3.311889,3.756382,0.0,1.104394,0.6036624,5.20054,5.20992,0.8789246
2025-08-19T12:17:40.448840,0.00506715,0.5631116,0.3474311,0.2703326,6.105e-05,0.0,0.1688359,0.0,0.03318162,0.0,0.0107448,4.36677,0.8008783,0.8018308,1.106959,1.809522,3.314099,3.315931,3.327664,3.724831,0.0,1.108058,0.6036624,5.20188,5.19652,0.876507
2025-08-19T12:17:41.479927,0.0052503,0.5757987,0.3445033,0.279116,6.105e-05,0.0,0.1629803,0.0,0.2108009,0.0676476,0.0106227,5.24191,0.8017574,0.8036622,1.108424,1.808057,3.313183,3.315015,3.316529,3.722976,0.0,1.10879,0.6032961,5.207239,5.18982,0.8778502
2025-08-19T12:17:42.512697,0.00482295,0.6958381,0.3464552,0.2888753,6.105e-05,0.0,0.1610285,0.00195186,0.2713085,0.0705888,0.010989,6.3403,0.8011714,0.802197,1.106226,1.806592,3.313183,3.314099,3.309105,3.740607,0.0,1.104394,0.6021972,5.20322,5.20456,0.8781188
2025-08-19T12:17:43.552412,0.00506715,0.6890066,0.3454792,0.2820438,6.105e-05,0.0,0.2303195,0.00292779,0.2888753,0.068628,0.0106227,6.01882,0.8011714,0.8010981,1.107325,1.81001,3.313183,3.315931,3.341584,3.726687,0.0,1.107325,0.6040287,5.19652,5.1992,0.876507
2025-08-19T12:17:44.596326,0.00592185,0.5767746,0.348407,0.2752123,6.105e-05,0.0,0.1639562,0.00292779,0.3103457,0.0,0.0107448,4.87578,0.8011714,0.802197,1.107691,1.809034,3.314099,3.314099,3.307249,3.722048,0.0,1.110255,0.6029298,5.1992,5.22064,0.8781188
2025-08-19T12:17:45.623704,0.00482295,0.5621357,0.3445033,0.2693567,0.00018315,0.0,0.1620044,0.00195186,0.1434617,0.0,0.0108669,5.7152,0.8011714,0.8029296,1.106959,1.806592,3.312268,3.315931,3.309105,3.729471,0.0,1.108424,0.6025635,5.19786,5.20456,0.8786561
2025-08-19T12:17:46.650929,0.0056166,0.6890066,0.3464552,0.279116,6.105e-05,0.0,0.1590766,0.00097593,0.2996105,0.0754908,0.0107448,6.59034,0.8008783,0.8003655,1.108058,1.809522,3.312268,3.315931,3.329521,3.733183,0.0,1.10586,0.604395,5.1992,5.21126,0.8775815
2025-08-19T12:17:47.678938,0.0052503,0.5592079,0.3474311,0.2722845,0.00018315,0.0,0.1571247,0.00195186,0.02830197,0.0,0.0107448,4.36677,0.8008783,0.8018308,1.104394,1.810987,3.311352,3.315931,3.327664,3.740607,0.0,1.108424,0.6021972,5.20322,5.19786,0.8799991
2025-08-19T12:17:48.708731,0.00470085,0.6870547,0.3454792,0.2839956,0.00018315,0.0,0.1610285,0.00292779,0.2713085,0.068628,0.0103785,5.99203,0.8008783,0.8018308,1.106959,1.809034,3.315015,3.315015,3.357359,3.741535,0.0,1.105127,0.6021972,5.2126,5.1925,0.8770444
2025-08-19T12:17:49.742333,0.0052503,0.6841269,0.348407,0.279116,6.105e-05,0.0,0.1600525,0.00097593,0.3035142,0.0647064,0.0106227,6.33137,0.8017574,0.8025633,1.109156,1.81001,3.313183,3.315931,3.313745,3.722048,0.0,1.105127,0.6003657,5.20322,5.1992,0.8797306
2025-08-19T12:17:50.770259,0.00506715,0.5631116,0.3474311,0.2820438,0.00018315,0.0,0.166884,0.00487965,0.2108009,0.0,0.0106227,4.24175,0.8008783,0.8029296,1.107325,1.808057,3.315015,3.316846,3.311889,3.741535,0.0,1.107691,0.6029298,5.21528,5.19786,0.8759698
2025-08-19T12:17:51.803640,0.00518925,0.599221,0.3474311,0.2810678,6.105e-05,0.0,0.1756674,0.00292779,0.321081,0.07745161,0.0106227,6.12598,0.8017574,0.802197,1.106592,1.809522,3.314099,3.316846,3.329521,3.745246,0.0,1.106592,0.604395,5.20456,5.19652,0.8791933
2025-08-19T12:17:52.936227,0.0052503,0.6851029,0.3571904,0.2820438,6.105e-05,0.0,0.1590766,0.0,0.3015624,0.0764712,0.0107448,6.35816,0.8011714,0.8018308,1.107691,1.81001,3.313183,3.315015,3.312817,3.726687,0.0,1.108424,0.6036624,5.19652,5.20322,0.8781188
2025-08-19T12:17:53.964410,0.0053724,0.6899826,0.3474311,0.2869234,0.0,0.0,0.1649322,0.00097593,0.3015624,0.0622554,0.0103785,6.66178,0.8014645,0.8018308,1.108058,1.809034,3.313183,3.314099,3.311889,3.72112,0.0,1.106226,0.6021972,5.20858,5.19786,0.876507
2025-08-19T12:17:54.993750,0.00482295,0.6880306,0.3464552,0.2830197,0.00018315,0.0,0.1629803,0.00097593,0.3054661,0.075981,0.0105006,6.465319,0.8011714,0.802197,1.104394,1.809034,3.312268,3.315931,3.314673,3.725759,0.0,1.109523,0.6047613,5.19786,5.22332,0.8775815
2025-08-19T12:17:56.023700,0.00482295,0.5592079,0.3464552,0.2674048,0.00018315,0.0,0.1620044,0.00195186,0.03513348,0.0,0.0105006,4.35784,0.8011714,0.8029296,1.106959,1.809522,3.314099,3.315931,3.309105,3.748958,0.0,1.106592,0.6036624,5.19786,5.20456,0.8794619
2025-08-19T12:17:57.050996,0.0053724,0.557256,0.348407,0.2674048,0.0,0.0,0.1610285,0.00390372,0.03806127,0.0,0.0106227,4.38463,0.8008783,0.8010981,1.108058,1.810987,3.313183,3.317762,3.307249,3.722048,0.0,1.113918,0.6029298,5.1925,5.20992,0.8794619
2025-08-19T12:17:58.079460,0.0058608,0.5845821,0.3474311,0.2742363,0.00018315,0.0,0.1600525,0.00195186,0.08978556,0.0,0.0106227,5.25977,0.8002922,0.8025633,1.106959,1.808545,3.315015,3.315931,3.302609,3.725759,0.0,1.107691,0.6010983,5.20456,5.1992,0.8775815
2025-08-19T12:17:59.106680,0.004884,0.655825,0.3474311,0.2849716,0.00018315,0.0,0.1610285,0.00195186,0.3035142,0.066177,0.0108669,6.47425,0.8008783,0.8014644,1.104394,1.809034,3.314099,3.315015,3.329521,3.748958,0.0,1.107691,0.6047613,5.20322,5.19786,0.8799991
2025-08-19T12:18:00.235635,0.0056166,0.6733917,0.3454792,0.2810678,0.00018315,0.0,0.1600525,0.0,0.2957068,0.07353001,0.0112332,6.0724,0.8002922,0.802197,1.106592,1.809034,3.314099,3.314099,3.311889,3.748958,0.0,1.104028,0.6040287,5.20188,5.19786,0.8778502
2025-08-19T12:18:01.270624,0.00482295,0.6792473,0.3464552,0.2800919,6.105e-05,0.0,0.1600525,0.00195186,0.3015624,0.0627456,0.0106227,6.23314,0.8008783,0.802197,1.106226,1.808545,3.314099,3.315015,3.318385,3.722048,0.0,1.101464,0.6036624,5.20188,5.20992,0.8781188
2025-08-19T12:18:02.314462,0.00518925,0.6821751,0.3454792,0.2781401,0.00018315,0.0,0.1610285,0.00195186,0.2966827,0.0750006,0.0112332,6.39388,0.8011714,0.8018308,1.107691,1.810987,3.313183,3.314099,3.318385,3.724831,0.0,1.105127,0.6029298,5.20054,5.19786,0.876507
2025-08-19T12:18:03.346776,0.00543345,0.6851029,0.3601182,0.2800919,6.105e-05,0.0,0.1590766,0.00195186,0.2888753,0.07745161,0.0107448,6.32244,0.8017574,0.8029296,1.108058,1.808057,3.315015,3.315931,3.312817,3.725759,0.0,1.105127,0.6018309,5.207239,5.19652,0.8789246
2025-08-19T12:18:04.372540,0.00518925,0.683151,0.3435274,0.2830197,6.105e-05,0.0,0.1688359,0.00195186,0.2849716,0.0289218,0.0107448,6.08133,0.8008783,0.802197,1.108058,1.807568,3.314099,3.314099,3.309105,3.741535,0.0,1.102929,0.604395,5.19786,5.1992,0.8789246
2025-08-19T12:18:05.419389,0.00506715,0.5601838,0.3464552,0.2722845,0.00018315,0.0,0.1581007,0.00292779,0.03415755,0.0,0.0105006,5.66162,0.8017574,0.8018308,1.107691,1.809034,3.311352,3.314099,3.309105,3.733183,0.0,1.113918,0.600732,5.20992,5.19384,0.8781188
2025-08-19T12:18:06.462516,0.00506715,0.6851029,0.3601182,0.2849716,6.105e-05,0.0,0.1581007,0.00195186,0.2108009,0.06323581,0.0107448,6.09026,0.8014645,0.8014644,1.108058,1.809522,3.312268,3.314099,3.307249,3.728543,0.0,1.10586,0.6036624,5.19652,5.18848,0.8791933
2025-08-19T12:18:07.492770,0.00482295,0.6782714,0.3493829,0.2830197,6.105e-05,0.0,0.1551729,0.00195186,0.3054661,0.0848046,0.0105006,6.44746,0.8008783,0.8018308,1.107691,1.806592,3.312268,3.314099,3.313745,3.723903,0.0,1.106226,0.6025635,5.19786,5.1925,0.8789246
2025-08-19T12:18:08.523769,0.00506715,0.69779,0.3474311,0.2810678,0.00018315,0.0,0.1639562,0.00195186,0.2810678,0.0622554,0.0106227,6.11705,0.8011714,0.8025633,1.106226,1.806592,3.314099,3.315931,3.309105,3.75267,0.0,1.106592,0.6036624,5.20188,5.21126,0.8781188
2025-08-19T12:18:09.553074,0.0047619,0.5611597,0.3493829,0.2771641,0.00018315,0.0,0.1561488,0.00195186,0.03122976,0.0,0.0107448,4.38463,0.8008783,0.8018308,1.108424,1.808545,3.315015,3.315015,3.313745,3.727615,0.0,1.10586,0.6032961,5.20054,5.19652,0.876507
2025-08-19T12:18:10.583031,0.00494505,0.6841269,0.3698775,0.2839956,6.105e-05,0.0,0.1610285,0.00487965,0.3044902,0.08921641,0.0107448,6.35816,0.8008783,0.8032959,1.10586,1.808057,3.312268,3.315931,3.313745,3.726687,0.0,1.106226,0.6029298,5.20322,5.1992,0.8786561
2025-08-19T12:18:11.613694,0.00531135,0.683151,0.3474311,0.2859475,0.0001221,0.0,0.1551729,0.00195186,0.3005864,0.0696084,0.0105006,6.465319,0.8011714,0.8018308,1.106226,1.808057,3.311352,3.315931,3.319313,3.741535,0.0,1.105127,0.6032961,5.20322,5.19652,0.8762386
2025-08-19T12:18:12.644964,0.00506715,0.6782714,0.3581663,0.2781401,6.105e-05,0.0,0.1610285,0.00487965,0.307418,0.0666672,0.0105006,6.09919,0.8008783,0.8014644,1.106226,1.809034,3.313183,3.315015,3.327664,3.729471,0.0,1.106226,0.6040287,5.20992,5.19786,0.8789246
2025-08-19T12:18:13.675709,0.00518925,0.6782714,0.3445033,0.2713085,6.105e-05,0.0,0.1561488,0.00195186,0.02732604,0.0,0.0107448,4.5543,0.8008783,0.8010981,1.107325,1.806592,3.312268,3.314099,3.316529,3.724831,0.0,1.105494,0.6036624,5.19652,5.19652,0.8799991
2025-08-19T12:18:14.703847,0.00482295,0.6841269,0.3474311,0.2820438,6.105e-05,0.0,0.1590766,0.00097593,0.2713085,0.061275,0.0101343,6.4296,0.8008783,0.802197,1.104394,1.808057,3.314099,3.315015,3.309105,3.741535,0.0,1.113552,0.6032961,5.20054,5.19652,0.8832226
2025-08-19T12:18:15.732928,0.0051282,0.5689672,0.3454792,0.2800919,0.00018315,0.0,0.1620044,0.00292779,0.3015624,0.0681378,0.0107448,5.12582,0.8008783,0.802197,1.107325,1.808545,3.313183,3.316846,3.319313,3.722976,0.0,1.10586,0.6036624,5.2126,5.20992,0.8783874
2025-08-19T12:18:16.758645,0.00482295,0.5592079,0.3464552,0.2722845,6.105e-05,0.0,0.1600525,0.0,0.08490592,0.0,0.0103785,4.36677,0.8011714,0.8018308,1.107691,1.809034,3.313183,3.315015,3.327664,3.723903,0.0,1.113552,0.6010983,5.19518,5.20858,0.8783874
2025-08-19T12:18:17.785667,0.00531135,0.6860789,0.3454792,0.2869234,6.105e-05,0.0,0.1561488,0.0,0.2898512,0.061275,0.0107448,5.86701,0.8008783,0.802197,1.107691,1.807568,3.315015,3.314099,3.333232,3.740607,0.0,1.107691,0.6036624,5.207239,5.20992,0.8853715
2025-08-19T12:18:18.816416,0.0052503,0.6675361,0.3474311,0.2820438,6.105e-05,0.0,0.1581007,0.00097593,0.3093698,0.06323581,0.010989,6.313509,0.8011714,0.8014644,1.108058,1.809034,3.314099,3.316846,3.311889,3.741535,0.0,1.113552,0.6018309,5.20054,5.1925,0.8783874
2025-08-19T12:18:19.844806,0.00494505,0.6743678,0.3464552,0.2752123,6.105e-05,0.0,0.1639562,0.00097593,0.306442,0.0740202,0.0108669,6.06347,0.8011714,0.8010981,1.107325,1.809522,3.315015,3.316846,3.309105,3.733183,0.0,1.106592,0.6018309,5.19652,5.18982,0.8770444
2025-08-19T12:18:20.976243,0.00506715,0.6528972,0.3464552,0.2859475,0.00018315,0.0,0.1600525,0.00390372,0.08588185,0.0053922,0.0101343,5.41158,0.8017574,0.8032959,1.106959,1.808545,3.313183,3.315931,3.307249,3.740607,0.0,1.110622,0.6032961,5.207239,5.20054,0.8832226
2025-08-19T12:18:22.004900,0.0058608,0.6880306,0.3445033,0.2810678,6.105e-05,0.0,0.1629803,0.00292779,0.321081,0.0700986,0.0112332,6.53676,0.8017574,0.8010981,1.104394,1.81001,3.312268,3.315931,3.308177,3.740607,0.0,1.110622,0.6021972,5.20322,5.1992,0.8778502
2025-08-19T12:18:23.036272,0.00482295,0.6811991,0.3464552,0.2859475,6.105e-05,0.0,0.1795711,0.00390372,0.09466522,0.0004902,0.0102564,5.48302,0.8005854,0.8025633,1.106959,1.808057,3.315015,3.315015,3.357359,3.722976,0.0,1.10879,0.6032961,5.18714,5.2126,0.8786561
2025-08-19T12:18:24.065850,0.0051282,0.5621357,0.3542626,0.2810678,0.00018315,0.0,0.1610285,0.00585558,0.3191291,0.0803928,0.0106227,5.75985,0.8017574,0.8018308,1.104394,1.809034,3.314099,3.315931,3.319313,3.748958,0.0,1.104394,0.6062265,5.19786,5.22332,0.8783874
2025-08-19T12:18:25.096521,0.00518925,0.5933654,0.3581663,0.2781401,0.00018315,0.0,0.1639562,0.00195186,0.08588185,0.0009804,0.0108669,4.84899,0.8008783,0.8010981,1.108058,1.80708,3.314099,3.315015,3.327664,3.724831,0.0,1.106592,0.6040287,5.19116,5.1925,0.8778502
2025-08-19T12:18:26.121725,0.0050061,0.5777506,0.3464552,0.2761882,0.0,0.0,0.1698118,0.00292779,0.208849,0.0,0.0105006,5.42944,0.8011714,0.8018308,1.106959,1.809034,3.313183,3.314099,3.319313,3.728543,0.0,1.105127,0.6036624,5.207239,5.21126,0.8789246
2025-08-19T12:18:27.153330,0.0052503,0.5923895,0.3610941,0.2693567,0.00018315,0.0,0.1600525,0.00195186,0.139558,0.0,0.0105006,6.06347,0.8011714,0.8010981,1.108058,1.80708,3.313183,3.316846,3.307249,3.741535,0.0,1.107691,0.6018309,5.1992,5.19652,0.8762386
2025-08-19T12:18:28.178016,0.00531135,0.571895,0.348407,0.2869234,0.00018315,0.0,0.1649322,0.00390372,0.03220569,0.0,0.0101343,4.39356,0.8011714,0.802197,1.107691,1.81001,3.314099,3.314099,3.311889,3.734111,0.0,1.107691,0.6032961,5.20858,5.19384,0.8810737
2025-08-19T12:18:29.210939,0.00482295,0.6851029,0.3445033,0.279116,6.105e-05,0.0,0.1639562,0.00292779,0.3015624,0.075981,0.0106227,6.45639,0.8017574,0.802197,1.10586,1.808057,3.313183,3.316846,3.312817,3.729471,0.0,1.104394,0.6047613,5.19652,5.20322,0.8853715
2025-08-19T12:18:30.239910,0.006105,0.6880306,0.3464552,0.279116,0.00018315,0.0,0.1600525,0.00195186,0.3025383,0.07990261,0.0107448,6.483179,0.8011714,0.8018308,1.108058,1.809034,3.315015,3.315015,3.357359,3.741535,0.0,1.105494,0.6051276,5.19786,5.20188,0.876507
2025-08-19T12:18:31.266660,0.00518925,0.6743678,0.3464552,0.2830197,6.105e-05,0.0,0.1610285,0.00097593,0.2771641,0.07745161,0.0106227,6.39388,0.8014645,0.8014644,1.107325,1.808057,3.313183,3.314099,3.307249,3.722976,0.0,1.107691,0.6021972,5.19786,5.20456,0.8789246
2025-08-19T12:18:32.293788,0.0051282,0.6899826,0.3464552,0.2713085,6.105e-05,0.0,0.1639562,0.00195186,0.03415755,0.0,0.0106227,3.67023,0.8011714,0.802197,1.107691,1.809034,3.315015,3.313183,3.313745,3.722976,0.0,1.110988,0.6036624,5.21394,5.19652,0.8799991
2025-08-19T12:18:33.320116,0.0051282,0.683151,0.348407,0.2839956,6.105e-05,0.0,0.1649322,0.00195186,0.2732604,0.0720594,0.0106227,6.34923,0.8014645,0.8032959,1.104394,1.808545,3.313183,3.316846,3.319313,3.723903,0.0,1.101464,0.6010983,5.20456,5.20858,0.8786561
2025-08-19T12:18:34.351367,0.0058608,0.6724158,0.3454792,0.2781401,0.00018315,0.0,0.1629803,0.00292779,0.2576455,0.0617652,0.0112332,6.30458,0.8008783,0.802197,1.106959,1.805615,3.312268,3.315931,3.329521,3.726687,0.0,1.108424,0.6058602,5.20054,5.19652,0.876507
2025-08-19T12:18:35.385975,0.0058608,0.5660394,0.3464552,0.2703326,6.105e-05,0.0,0.1707878,0.0,0.03415755,0.0,0.0107448,4.42035,0.8011714,0.8014644,1.107691,1.808057,3.312268,3.314099,3.307249,3.735039,0.0,1.10879,0.6036624,5.20992,5.1925,0.8810737
2025-08-19T12:18:36.412226,0.0047619,0.5621357,0.3581663,0.2810678,6.105e-05,0.0,0.1590766,0.00195186,0.03220569,0.0,0.0101343,4.41142,0.8017574,0.8018308,1.107691,1.809034,3.314099,3.315015,3.326736,3.725759,0.0,1.105127,0.6018309,5.19786,5.19116,0.876507
2025-08-19T12:18:37.440470,0.00506715,0.5611597,0.3571904,0.2703326,0.00018315,0.0,0.1590766,0.00097593,0.03220569,0.0,0.0105006,4.3757,0.8011714,0.8014644,1.106959,1.808057,3.314099,3.315931,3.309105,3.725759,0.0,1.108424,0.6018309,5.1992,5.19652,0.8762386
2025-08-19T12:18:38.467215,0.00494505,0.612884,0.3562145,0.2800919,6.105e-05,0.0,0.1639562,0.00195186,0.2781401,0.0647064,0.0108669,6.643919,0.8005854,0.802197,1.107691,1.808545,3.313183,3.315015,3.308177,3.733183,0.0,1.107325,0.6040287,5.20456,5.22064,0.8775815
2025-08-19T12:18:39.602702,0.0058608,0.6792473,0.3445033,0.2849716,0.00018315,0.0,0.166884,0.00097593,0.3044902,0.06323581,0.0107448,6.41174,0.8002922,0.8029296,1.106592,1.806592,3.312268,3.315015,3.307249,3.740607,0.0,1.104394,0.6021972,5.20456,5.207239,0.8754326
2025-08-19T12:18:40.629653,0.00457875,0.6753436,0.3581663,0.2830197,6.105e-05,0.0,0.1590766,0.00097593,0.04196499,0.0,0.010989,4.43821,0.8011714,0.802197,1.108058,1.809034,3.313183,3.316846,3.313745,3.740607,0.0,1.108058,0.6032961,5.20054,5.20858,0.8762386
2025-08-19T12:18:41.662343,0.0056166,0.6802233,0.3464552,0.2771641,6.105e-05,0.0,0.1590766,0.00195186,0.3005864,0.0617652,0.0112332,6.05454,0.8005854,0.8018308,1.108424,1.809522,3.315015,3.316846,3.312817,3.741535,0.0,1.11172,0.6047613,5.20992,5.2126,0.8786561
2025-08-19T12:18:42.695341,0.00494505,0.558232,0.3474311,0.2742363,6.105e-05,0.0,0.1581007,0.00292779,0.02830197,0.0,0.0112332,4.465,0.8008783,0.8025633,1.108058,1.809034,3.314099,3.314099,3.307249,3.724831,0.0,1.108058,0.6036624,5.20054,5.19652,0.8743581
2025-08-19T12:18:43.721076,0.00531135,0.5962932,0.3464552,0.2820438,0.00018315,0.0,0.1581007,0.0,0.2957068,0.0872556,0.0106227,6.36709,0.8011714,0.8014644,1.108058,1.808545,3.312268,3.314099,3.307249,3.725759,0.0,1.106592,0.6018309,5.21394,5.22064,0.8783874
2025-08-19T12:18:44.751491,0.00457875,0.6636324,0.3445033,0.2869234,0.00018315,0.0,0.1600525,0.00195186,0.279116,0.071079,0.0108669,6.52783,0.8011714,0.8018308,1.107691,1.809034,3.315015,3.316846,3.309105,3.724831,0.0,1.107691,0.6029298,5.1992,5.19384,0.8789246
2025-08-19T12:18:45.783814,0.00482295,0.6841269,0.3464552,0.2810678,6.105e-05,0.0,0.1590766,0.00390372,0.2732604,0.0769614,0.0106227,6.35816,0.8017574,0.8010981,1.106959,1.806592,3.313183,3.315015,3.310033,3.727615,0.0,1.108424,0.6040287,5.20456,5.1925,0.8754326
2025-08-19T12:18:46.813378,0.0051282,0.6724158,0.3474311,0.2800919,6.105e-05,0.0,0.1629803,0.00292779,0.306442,0.083334,0.0111111,6.34923,0.8011714,0.802197,1.108058,1.81001,3.310436,3.314099,3.313745,3.741535,0.0,1.107691,0.6018309,5.1992,5.19786,0.8778502
2025-08-19T12:18:47.839590,0.00482295,0.6821751,0.3464552,0.2830197,0.00018315,0.0,0.1746915,0.00097593,0.2957068,0.0691182,0.0107448,6.66178,0.8011714,0.802197,1.106226,1.809034,3.314099,3.314099,3.327664,3.724831,0.0,1.107691,0.6032961,5.207239,5.18714,0.876507
2025-08-19T12:18:48.868397,0.00555555,0.6636324,0.3454792,0.2888753,6.105e-05,0.0,0.16786,0.00390372,0.2888753,0.0764712,0.0103785,6.3403,0.8011714,0.8010981,1.106959,1.804638,3.312268,3.316846,3.311889,3.741535,0.0,1.106959,0.6021972,5.19518,5.18982,0.8799991
2025-08-19T12:18:49.899105,0.0051282,0.557256,0.3474311,0.2713085,6.105e-05,0.0,0.1600525,0.00292779,0.03122976,0.0754908,0.0106227,4.38463,0.8017574,0.802197,1.107691,1.806592,3.314099,3.314099,3.310033,3.723903,0.0,1.106592,0.6029298,5.20322,5.20456,0.8791933
2025-08-19T12:18:50.927396,0.00531135,0.5738469,0.3454792,0.2742363,6.105e-05,0.0,0.1590766,0.00195186,0.1454136,0.0,0.0106227,5.45623,0.8011714,0.8018308,1.108058,1.809034,3.313183,3.315931,3.313745,3.724831,0.0,1.101464,0.6032961,5.20992,5.20992,0.8794619
2025-08-19T12:18:51.959407,0.00482295,0.5631116,0.3454792,0.2761882,6.105e-05,0.0,0.1590766,0.00195186,0.03513348,0.0,0.0108669,4.41142,0.8011714,0.8010981,1.104394,1.809034,3.312268,3.315015,3.325809,3.724831,0.0,1.108424,0.6091569,5.1992,5.22064,0.8778502
2025-08-19T12:18:52.994487,0.00494505,0.6899826,0.3464552,0.2800919,6.105e-05,0.0,0.1629803,0.00292779,0.09954486,0.061275,0.010989,4.60788,0.8008783,0.8010981,1.106592,1.806592,3.314099,3.314099,3.309105,3.722048,0.0,1.113552,0.6047613,5.20322,5.21126,0.8778502
2025-08-19T12:18:54.021679,0.00506715,0.6802233,0.3464552,0.2839956,6.105e-05,0.0,0.1600525,0.00097593,0.3035142,0.0745104,0.0106227,6.12598,0.8011714,0.8032959,1.108058,1.808545,3.314099,3.315015,3.313745,3.722048,0.0,1.106959,0.604395,5.207239,5.20456,0.8783874
2025-08-19T12:18:55.047652,0.0047619,0.6870547,0.3562145,0.279116,6.105e-05,0.0,0.1600525,0.00487965,0.2976587,0.0607848,0.0106227,6.66178,0.8014645,0.802197,1.107325,1.809034,3.312268,3.316846,3.313745,3.724831,0.0,1.113918,0.6025635,5.2126,5.1992,0.8789246
2025-08-19T12:18:56.078103,0.0056166,0.6177637,0.3464552,0.2849716,6.105e-05,0.0,0.1688359,0.00195186,0.3035142,0.0647064,0.0106227,6.63499,0.8011714,0.8018308,1.107691,1.810987,3.314099,3.315015,3.329521,3.741535,0.0,1.103296,0.604395,5.2059,5.1992,0.876507
2025-08-19T12:18:57.108989,0.0058608,0.5592079,0.3454792,0.2771641,6.105e-05,0.0,0.1600525,0.00390372,0.2117768,0.0,0.0108669,4.42928,0.8014645,0.802197,1.108058,1.809034,3.314099,3.315931,3.313745,3.724831,0.0,1.105127,0.6036624,5.20188,5.19652,0.8778502
2025-08-19T12:18:58.136918,0.00518925,0.6811991,0.3445033,0.2771641,0.00018315,0.0,0.1590766,0.0,0.2937549,0.0647064,0.010989,5.59911,0.8017574,0.802197,1.106959,1.81001,3.314099,3.314099,3.307249,3.722976,0.0,1.108424,0.6018309,5.20188,5.19384,0.8786561
2025-08-19T12:18:59.168173,0.0056166,0.654849,0.3454792,0.2849716,6.105e-05,0.0,0.1610285,0.00292779,0.2713085,0.068628,0.0107448,6.37602,0.8011714,0.8018308,1.108058,1.809522,3.314099,3.314099,3.311889,3.723903,0.0,1.105127,0.6029298,5.20992,5.1992,0.8775815
2025-08-19T12:19:00.194752,0.00592185,0.6792473,0.3454792,0.2830197,6.105e-05,0.0,0.1600525,0.00097593,0.2996105,0.0897066,0.0101343,5.78664,0.8011714,0.8032959,1.107691,1.810499,3.314099,3.316846,3.307249,3.748958,0.0,1.104394,0.6025635,5.2059,5.20456,0.8783874
2025-08-19T12:19:01.231160,0.0053724,0.6792473,0.3445033,0.2800919,0.00018315,0.0,0.1639562,0.00195186,0.223488,0.0764712,0.0106227,6.68857,0.8014645,0.8014644,1.107325,1.808057,3.314099,3.316846,3.357359,3.741535,0.0,1.106959,0.6032961,5.20992,5.2059,0.8799991
2025-08-19T12:19:02.260956,0.00531135,0.6792473,0.3464552,0.279116,6.105e-05,0.0,0.1590766,0.00487965,0.2771641,0.06715741,0.0107448,6.08133,0.8011714,0.8014644,1.106592,1.809522,3.313183,3.315931,3.302609,3.726687,0.0,1.106226,0.6029298,5.20054,5.1925,0.8786561
2025-08-19T12:19:03.289073,0.0053724,0.6802233,0.3562145,0.2800919,6.105e-05,0.0,0.1620044,0.00390372,0.2391029,0.0,0.0103785,4.7329,0.8017574,0.8018308,1.107691,1.808057,3.312268,3.315931,3.329521,3.722048,0.0,1.110622,0.6036624,5.21126,5.2059,0.8775815
2025-08-19T12:19:04.323383,0.0050061,0.6753436,0.3454792,0.2839956,0.00018315,0.0,0.1551729,0.00390372,0.2264158,0.0740202,0.0106227,6.18849,0.8017574,0.8029296,1.107691,1.810499,3.313183,3.316846,3.329521,3.740607,0.0,1.10586,0.6018309,5.21796,5.1925,0.8783874
2025-08-19T12:19:05.350711,0.00482295,0.5601838,0.3493829,0.2703326,6.105e-05,0.0,0.1571247,0.00097593,0.0292779,0.0,0.0106227,4.45607,0.8011714,0.802197,1.107691,1.806592,3.315015,3.315015,3.313745,3.740607,0.0,1.104394,0.6003657,5.20188,5.20992,0.8853715
2025-08-19T12:19:06.380369,0.00482295,0.5592079,0.3454792,0.2752123,0.00018315,0.0,0.1571247,0.00097593,0.03513348,0.0,0.0107448,3.6613,0.8011714,0.8010981,1.106959,1.809034,3.312268,3.314099,3.355503,3.722048,0.0,1.108424,0.6032961,5.19652,5.21126,0.8789246
2025-08-19T12:19:07.407717,0.0047619,0.6860789,0.3464552,0.279116,6.105e-05,0.0,0.1756674,0.0,0.3054661,0.0764712,0.0107448,6.35816,0.8005854,0.8010981,1.107691,1.808545,3.315015,3.315015,3.327664,3.727615,0.0,1.104028,0.6003657,5.2327,5.20858,0.8775815
2025-08-19T12:19:08.434842,0.00518925,0.5777506,0.3445033,0.279116,6.105e-05,0.0,0.1571247,0.00195186,0.1200394,0.0014706,0.0105006,5.32228,0.8017574,0.8010981,1.107691,1.81001,3.314099,3.315931,3.311889,3.724831,0.0,1.107691,0.600732,5.21394,5.22064,0.8786561
2025-08-19T12:19:09.464264,0.0051282,0.5943414,0.3464552,0.2752123,6.105e-05,0.0,0.1639562,0.0,0.08490592,0.0063726,0.0106227,5.15261,0.8008783,0.802197,1.107691,1.809522,3.314099,3.314099,3.310033,3.725759,0.0,1.104761,0.6065928,5.20992,5.2193,0.8853715
2025-08-19T12:19:10.491398,0.00543345,0.6851029,0.3454792,0.2781401,6.105e-05,0.0,0.1629803,0.00195186,0.2732604,0.0705888,0.010989,6.01882,0.8017574,0.802197,1.106959,1.808545,3.314099,3.315015,3.309105,3.740607,0.0,1.102929,0.6073254,5.20858,5.207239,0.8791933
2025-08-19T12:19:11.522313,0.00482295,0.5943414,0.3464552,0.2742363,6.105e-05,0.0,0.1912823,0.00195186,0.08392998,0.0009804,0.0107448,5.7152,0.8011714,0.8029296,1.108058,1.809034,3.314099,3.316846,3.314673,3.748958,0.0,1.108058,0.6036624,5.207239,5.20992,0.876507
2025-08-19T12:19:12.553805,0.0051282,0.5816543,0.3454792,0.2683808,0.00018315,0.0,0.16786,0.0,0.08392998,0.0,0.0107448,5.04545,0.8008783,0.8014644,1.108058,1.809522,3.315015,3.316846,3.309105,3.748958,0.0,1.113552,0.6029298,5.22332,5.21394,0.876507
2025-08-19T12:19:13.585750,0.00494505,0.585558,0.3454792,0.2800919,6.105e-05,0.0,0.1629803,0.00487965,0.08588185,0.0,0.0108669,5.18833,0.8017574,0.8014644,1.106226,1.809034,3.313183,3.315931,3.318385,3.726687,0.0,1.109156,0.6010983,5.20188,5.19652,0.8783874
2025-08-19T12:19:14.612811,0.00531135,0.6704639,0.3464552,0.2859475,0.00018315,0.0,0.1571247,0.00292779,0.04196499,0.0,0.0106227,5.22405,0.8017574,0.8010981,1.107325,1.809522,3.313183,3.315015,3.329521,3.723903,0.0,1.10879,0.6032961,5.1992,5.21394,0.8781188
2025-08-19T12:19:15.646733,0.00531135,0.6841269,0.3454792,0.2839956,6.105e-05,0.0,0.1688359,0.00390372,0.2722845,0.068628,0.0106227,6.40281,0.8011714,0.8018308,1.107325,1.808057,3.314099,3.316846,3.318385,3.756382,0.0,1.105127,0.6032961,5.20992,5.1992,0.8799991
2025-08-19T12:19:16.675168,0.0056166,0.6821751,0.3464552,0.2800919,0.00018315,0.0,0.1776193,0.00097593,0.3035142,0.075981,0.0107448,6.20635,0.8011714,0.8029296,1.108058,1.810987,3.315015,3.315015,3.316529,3.718336,0.0,1.105494,0.6032961,5.20188,5.19384,0.8797306
2025-08-19T12:19:17.712869,0.0051282,0.5631116,0.3591422,0.279116,6.105e-05,0.0,0.1610285,0.00292779,0.3025383,0.0,0.0106227,3.68809,0.8005854,0.8025633,1.108058,1.805615,3.313183,3.316846,3.309105,3.722976,0.0,1.107325,0.6040287,5.207239,5.1992,0.8789246
2025-08-19T12:19:18.741000,0.00506715,0.5611597,0.3454792,0.2859475,6.105e-05,0.0,0.1600525,0.0,0.06050766,0.0,0.0105006,4.45607,0.8017574,0.802197,1.106226,1.808545,3.313183,3.315015,3.318385,3.734111,0.0,1.104394,0.6018309,5.22064,5.20188,0.8770444
2025-08-19T12:19:19.770429,0.0047619,0.6821751,0.3454792,0.2878993,0.00018315,0.0,0.1571247,0.00292779,0.208849,0.078432,0.0112332,6.53676,0.8008783,0.8029296,1.107691,1.809034,3.314099,3.315015,3.326736,3.723903,0.0,1.110622,0.6025635,5.20992,5.20456,0.8794619
2025-08-19T12:19:20.797876,0.0052503,0.6841269,0.3445033,0.2830197,0.0001221,0.0,0.1561488,0.00097593,0.3054661,0.0602946,0.0108669,6.40281,0.8011714,0.802197,1.106959,1.809034,3.314099,3.314099,3.311889,3.723903,0.0,1.108424,0.6040287,5.19652,5.19652,0.8810737
2025-08-19T12:19:21.830728,0.00482295,0.6919344,0.3454792,0.2859475,6.105e-05,0.0,0.1600525,0.00195186,0.2898512,0.08382421,0.0105006,6.53676,0.8011714,0.8029296,1.106226,1.809034,3.314099,3.315931,3.319313,3.725759,0.0,1.105494,0.6032961,5.20322,5.20054,0.8794619
2025-08-19T12:19:22.861022,0.0052503,0.6841269,0.3464552,0.2800919,6.105e-05,0.0,0.1620044,0.00292779,0.3171773,0.0691182,0.0105006,6.1617,0.8011714,0.8018308,1.106959,1.809034,3.313183,3.316846,3.309105,3.741535,0.0,1.10586,0.604395,5.20054,5.1925,0.8794619
2025-08-19T12:19:23.892558,0.00482295,0.6792473,0.3474311,0.2771641,6.105e-05,0.0,0.1610285,0.00195186,0.279116,0.075981,0.0106227,6.518899,0.8011714,0.802197,1.106959,1.808057,3.313183,3.315931,3.319313,3.724831,0.0,1.109889,0.6025635,5.18714,5.20456,0.8775815
2025-08-19T12:19:24.922016,0.0059829,0.6919344,0.3474311,0.2849716,6.105e-05,0.0,0.1610285,0.0,0.3103457,0.0867654,0.0105006,6.21528,0.8011714,0.8018308,1.106226,1.809522,3.315015,3.314099,3.309105,3.72112,0.0,1.105127,0.6054939,5.1992,5.19384,0.8783874
2025-08-19T12:19:25.950703,0.0054945,0.5611597,0.3454792,0.2713085,6.105e-05,0.0,0.1620044,0.00195186,0.02830197,0.0,0.0108669,4.36677,0.8017574,0.8014644,1.104394,1.807568,3.313183,3.315015,3.319313,3.726687,0.0,1.104028,0.6036624,5.20188,5.20322,0.8778502
2025-08-19T12:19:27.081087,0.00482295,0.6802233,0.3474311,0.2810678,0.0001221,0.0,0.1600525,0.00195186,0.2888753,0.0009804,0.0108669,6.24207,0.8008783,0.8014644,1.108058,1.808545,3.314099,3.315015,3.340656,3.726687,0.0,1.104394,0.6036624,5.20992,5.1992,0.8775815
2025-08-19T12:19:28.108368,0.00506715,0.6870547,0.3454792,0.2810678,0.00018315,0.0,0.1590766,0.0,0.2957068,0.0607848,0.0103785,6.38495,0.8008783,0.8018308,1.106959,1.81001,3.313183,3.314099,3.319313,3.725759,0.0,1.10879,0.6029298,5.20456,5.19786,0.8791933
2025-08-19T12:19:29.240820,0.0051282,0.6763194,0.3464552,0.2839956,0.0001221,0.0,0.16786,0.00195186,0.2898512,0.075981,0.0107448,6.65285,0.8014645,0.8032959,1.108058,1.808545,3.310436,3.314099,3.308177,3.722048,0.0,1.113552,0.6040287,5.1992,5.19786,0.8743581
2025-08-19T12:19:30.271986,0.0053724,0.5845821,0.3454792,0.2800919,6.105e-05,0.0,0.1659081,0.00292779,0.3093698,0.083334,0.0112332,6.152769,0.8011714,0.8029296,1.107691,1.809034,3.314099,3.316846,3.327664,3.741535,0.0,1.113552,0.6021972,5.19786,5.20992,0.8759698
2025-08-19T12:19:31.301210,0.00482295,0.6880306,0.3445033,0.2839956,6.105e-05,0.0,0.1590766,0.00292779,0.2722845,0.075981,0.0107448,6.483179,0.8011714,0.802197,1.107691,1.809034,3.313183,3.315931,3.307249,3.722976,0.0,1.106226,0.6065928,5.20054,5.1992,0.8810737
2025-08-19T12:19:32.343951,0.00482295,0.5650635,0.3445033,0.2752123,0.00018315,0.0,0.1620044,0.00292779,0.03806127,0.0259806,0.0107448,5.15261,0.8011714,0.8029296,1.107691,1.808545,3.314099,3.315931,3.307249,3.741535,0.0,1.109889,0.6036624,5.22466,5.22734,0.8778502
2025-08-19T12:19:33.370603,0.0058608,0.6714398,0.3464552,0.2810678,0.00018315,0.0,0.1590766,0.00292779,0.265453,0.0642162,0.0108669,6.62606,0.8008783,0.8025633,1.106226,1.807568,3.311352,3.313183,3.308177,3.741535,0.0,1.108424,0.6032961,5.19652,5.1992,0.8791933
2025-08-19T12:19:34.412481,0.00506715,0.6792473,0.3454792,0.2703326,6.105e-05,0.0,0.1903064,0.00097593,0.3132735,0.0887262,0.0106227,6.59927,0.8011714,0.8010981,1.106959,1.808545,3.310436,3.315931,3.308177,3.722976,0.0,1.113552,0.604395,5.19518,5.21126,0.8783874
2025-08-19T12:19:35.441093,0.0052503,0.5611597,0.348407,0.2713085,6.105e-05,0.0,0.1649322,0.00195186,0.03708534,0.0,0.0103785,5.90273,0.8011714,0.8029296,1.107691,1.81001,3.314099,3.315015,3.333232,3.724831,0.0,1.108058,0.6021972,5.20456,5.20054,0.8797306
2025-08-19T12:19:36.471819,0.0058608,0.6880306,0.3445033,0.2908272,6.105e-05,0.0,0.1610285,0.00195186,0.2898512,0.0593142,0.0106227,6.21528,0.8014645,0.8018308,1.107691,1.808545,3.314099,3.316846,3.308177,3.756382,0.0,1.106959,0.604395,5.18714,5.19652,0.8791933
2025-08-19T12:19:37.502728,0.00555555,0.5592079,0.348407,0.2693567,6.105e-05,0.0,0.1698118,0.00292779,0.03220569,0.0,0.0107448,4.38463,0.8011714,0.8018308,1.106959,1.80708,3.314099,3.314099,3.319313,3.725759,0.0,1.103662,0.6036624,5.18714,5.1992,0.8789246
2025-08-19T12:19:38.530525,0.0047619,0.6880306,0.3689016,0.2820438,0.00018315,0.0,0.1990897,0.00292779,0.3005864,0.07990261,0.0107448,6.4296,0.8011714,0.8014644,1.10586,1.808057,3.314099,3.314099,3.308177,3.741535,0.0,1.104394,0.604395,5.22734,5.207239,0.8781188
2025-08-19T12:19:39.562242,0.00494505,0.6753436,0.3454792,0.2839956,0.00018315,0.0,0.181523,0.00292779,0.292779,0.0460788,0.0101343,6.501039,0.8014645,0.8018308,1.106959,1.808545,3.315015,3.315015,3.307249,3.740607,0.0,1.106226,0.6040287,5.1992,5.207239,0.8786561
2025-08-19T12:19:40.590057,0.0053724,0.6870547,0.3445033,0.2810678,0.00018315,0.0,0.1698118,0.0,0.2986346,0.0740202,0.0107448,5.90273,0.8008783,0.802197,1.106592,1.809522,3.312268,3.315931,3.309105,3.723903,0.0,1.113552,0.6036624,5.1925,5.1858,0.8789246
2025-08-19T12:19:41.622007,0.00482295,0.5621357,0.3454792,0.2693567,6.105e-05,0.0,0.1639562,0.00195186,0.3035142,0.0,0.0106227,6.00096,0.8017574,0.8014644,1.107691,1.809034,3.312268,3.313183,3.312817,3.725759,0.0,1.109156,0.6051276,5.20188,5.1925,0.8813422
2025-08-19T12:19:42.653418,0.00506715,0.6733917,0.348407,0.2849716,6.105e-05,0.0,0.1610285,0.00097593,0.3035142,0.061275,0.0112332,6.35816,0.8008783,0.802197,1.108058,1.809522,3.314099,3.315015,3.307249,3.718336,0.0,1.109156,0.6040287,5.20858,5.20456,0.8789246
2025-08-19T12:19:43.680300,0.0056166,0.683151,0.3454792,0.2800919,0.0001221,0.0,0.1561488,0.00292779,0.2976587,0.0647064,0.0106227,6.35816,0.8017574,0.8025633,1.106959,1.808545,3.314099,3.315015,3.313745,3.722048,0.0,1.104394,0.6032961,5.19518,5.20456,0.8799991
2025-08-19T12:19:44.708328,0.00506715,0.5689672,0.3464552,0.2742363,6.105e-05,0.0,0.1610285,0.0,0.08295405,0.0127452,0.0108669,5.51874,0.8017574,0.8025633,1.107691,1.809034,3.313183,3.315015,3.307249,3.722976,0.0,1.105127,0.6040287,5.18714,5.1992,0.8799991
2025-08-19T12:19:45.740232,0.00506715,0.6626565,0.3445033,0.279116,6.105e-05,0.0,0.1600525,0.00097593,0.1649322,0.0137256,0.0107448,5.42944,0.8008783,0.8029296,1.107691,1.808057,3.314099,3.314099,3.357359,3.72112,0.0,1.110622,0.6036624,5.22064,5.23002,0.8778502
2025-08-19T12:19:46.771610,0.00543345,0.6802233,0.3464552,0.2820438,6.105e-05,0.0,0.1746915,0.00195186,0.2898512,0.0607848,0.0106227,6.08133,0.8017574,0.8010981,1.108058,1.809034,3.314099,3.315015,3.308177,3.724831,0.0,1.104394,0.6040287,5.19786,5.1992,0.8810737
2025-08-19T12:19:47.803010,0.00494505,0.6792473,0.3454792,0.2820438,6.105e-05,0.0,0.1590766,0.00195186,0.3191291,0.0813732,0.0107448,6.09919,0.8017574,0.8029296,1.107691,1.809034,3.313183,3.316846,3.340656,3.724831,0.0,1.107691,0.6036624,5.20054,5.19384,0.8767757
2025-08-19T12:19:48.829943,0.0050061,0.6860789,0.3464552,0.2898512,6.105e-05,0.0,0.1571247,0.00195186,0.264477,0.08382421,0.0101343,6.49211,0.8011714,0.8003655,1.106959,1.809034,3.313183,3.316846,3.329521,3.726687,0.0,1.106592,0.6036624,5.21126,5.2193,0.8794619
2025-08-19T12:19:49.861020,0.0053724,0.5592079,0.3445033,0.2810678,0.0,0.0,0.1610285,0.00195186,0.2713085,0.0691182,0.0108669,4.70611,0.8002922,0.8010981,1.106226,1.808545,3.313183,3.316846,3.327664,3.733183,0.0,1.106592,0.6051276,5.19786,5.19652,0.876507
2025-08-19T12:19:50.908226,0.0051282,0.641186,0.3591422,0.2820438,6.105e-05,0.0,0.1610285,0.00195186,0.1297987,0.0014706,0.0106227,5.42051,0.8011714,0.802197,1.108058,1.809522,3.315015,3.315015,3.356431,3.718336,0.0,1.10879,0.6065928,5.21126,5.21528,0.8783874
2025-08-19T12:19:51.938426,0.00482295,0.6753436,0.3591422,0.2869234,6.105e-05,0.0,0.1600525,0.00195186,0.2888753,0.0843144,0.0107448,6.26886,0.8011714,0.8010981,1.107691,1.809034,3.313183,3.315931,3.318385,3.724831,0.0,1.110622,0.6036624,5.20992,5.1992,0.8786561
2025-08-19T12:19:53.072656,0.00482295,0.5592079,0.3464552,0.2820438,0.00018315,0.0,0.1649322,0.00292779,0.124919,0.0431376,0.0107448,5.09903,0.8002922,0.8014644,1.104394,1.809034,3.315015,3.315931,3.309105,3.741535,0.0,1.112087,0.6010983,5.20188,5.2193,0.8773129
2025-08-19T12:19:54.102317,0.00543345,0.6714398,0.3464552,0.2810678,0.00018315,0.0,0.1600525,0.00195186,0.2869234,0.0764712,0.0106227,6.08133,0.8011714,0.8018308,1.10586,1.810987,3.314099,3.315931,3.327664,3.741535,0.0,1.107691,0.6051276,5.20456,5.19518,0.8789246
2025-08-19T12:19:55.128214,0.0051282,0.6089804,0.3445033,0.2810678,0.00018315,0.0,0.1649322,0.00292779,0.1024727,0.0,0.0102564,5.43837,0.8002922,0.8025633,1.107325,1.808057,3.313183,3.315015,3.313745,3.723903,0.0,1.113552,0.6032961,5.21528,5.20992,0.8810737
2025-08-19T12:19:56.260132,0.00506715,0.5806784,0.3552385,0.2771641,6.105e-05,0.0,0.1629803,0.0,0.1717637,0.0034314,0.0105006,5.4473,0.8011714,0.802197,1.106959,1.806592,3.313183,3.315931,3.307249,3.722976,0.0,1.107325,0.6065928,5.21126,5.20992,0.8783874
2025-08-19T12:19:57.393937,0.0053724,0.6802233,0.3503589,0.2800919,0.00018315,0.0,0.1571247,0.0,0.3035142,0.0622554,0.0106227,6.54569,0.8017574,0.8014644,1.106226,1.81001,3.313183,3.316846,3.329521,3.745246,0.0,1.105494,0.6032961,5.207239,5.1992,0.8799991
2025-08-19T12:19:58.423597,0.0047619,0.683151,0.3669497,0.2810678,6.105e-05,0.0,0.1600525,0.00195186,0.2800919,0.0769614,0.010989,6.50997,0.8014645,0.802197,1.107691,1.808545,3.314099,3.314099,3.333232,3.722976,0.0,1.10586,0.6021972,5.20054,5.2059,0.8794619
2025-08-19T12:19:59.454487,0.00518925,0.6880306,0.3493829,0.279116,6.105e-05,0.0,0.1600525,0.00195186,0.2713085,0.0779418,0.0107448,6.40281,0.8017574,0.802197,1.106959,1.809522,3.315015,3.315931,3.329521,3.740607,0.0,1.105127,0.6032961,5.20992,5.1992,0.8759698
2025-08-19T12:20:00.485353,0.0059829,0.5631116,0.3454792,0.2713085,6.105e-05,0.0,0.1581007,0.00195186,0.03318162,0.0,0.0101343,4.57216,0.8011714,0.8018308,1.106592,1.809522,3.314099,3.316846,3.333232,3.722976,0.0,1.104394,0.6029298,5.20188,5.19384,0.876507
2025-08-19T12:20:01.511936,0.00518925,0.6528972,0.3464552,0.2820438,0.00018315,0.0,0.1590766,0.00195186,0.1014967,0.0,0.0106227,5.474089,0.8017574,0.8010981,1.108058,1.808545,3.314099,3.315931,3.302609,3.724831,0.0,1.109889,0.6018309,5.20188,5.20456,0.8789246
2025-08-19T12:20:02.541957,0.0058608,0.6714398,0.3464552,0.2820438,6.105e-05,0.0,0.1610285,0.0,0.1551729,0.068628,0.0107448,5.78664,0.8011714,0.802197,1.107691,1.808545,3.313183,3.316846,3.307249,3.726687,0.0,1.113918,0.6065928,5.20054,5.21796,0.8789246
2025-08-19T12:20:03.570683,0.00470085,0.6245952,0.3464552,0.2761882,0.00018315,0.0,0.1551729,0.00195186,0.2947309,0.0750006,0.0103785,4.43821,0.8017574,0.8029296,1.107691,1.809522,3.312268,3.315015,3.311889,3.724831,0.0,1.105127,0.6025635,5.19786,5.19652,0.8778502
2025-08-19T12:20:04.599488,0.00518925,0.6880306,0.3464552,0.279116,0.00018315,0.0,0.1551729,0.00292779,0.3025383,0.0019608,0.0107448,6.22421,0.8017574,0.8032959,1.108058,1.809034,3.314099,3.316846,3.309105,3.726687,0.0,1.110255,0.6036624,5.20456,5.19384,0.8770444
2025-08-19T12:20:05.628995,0.0051282,0.6909585,0.3454792,0.2800919,6.105e-05,0.0,0.1620044,0.00195186,0.279116,0.07254961,0.0107448,6.37602,0.8011714,0.802197,1.107691,1.80708,3.315015,3.315015,3.307249,3.741535,0.0,1.105127,0.6036624,5.20456,5.19652,0.8783874
2025-08-19T12:20:06.655943,0.006105,0.558232,0.3445033,0.2683808,6.105e-05,0.0,0.1610285,0.00292779,0.03220569,0.0720594,0.0103785,4.35784,0.8011714,0.802197,1.106959,1.809034,3.313183,3.317762,3.307249,3.72112,0.0,1.107691,0.6047613,5.1992,5.20188,0.8783874
2025-08-19T12:20:07.690092,0.0058608,0.6675361,0.3571904,0.2820438,0.00018315,0.0,0.154197,0.00097593,0.3035142,0.0666672,0.0103785,6.62606,0.8011714,0.8029296,1.106959,1.808057,3.315015,3.314099,3.325809,3.723903,0.0,1.107325,0.604395,5.20858,5.20054,0.8786561
2025-08-19T12:20:08.716996,0.00518925,0.6821751,0.3445033,0.2800919,0.00018315,0.0,0.1659081,0.00195186,0.2976587,0.075981,0.0107448,6.34923,0.8002922,0.8018308,1.106226,1.806592,3.311352,3.315931,3.319313,3.740607,0.0,1.104394,0.6029298,5.20858,5.2126,0.8802678
2025-08-19T12:20:09.846935,0.00531135,0.683151,0.3581663,0.2800919,0.00018315,0.0,0.1600525,0.00292779,0.320105,0.07892221,0.0107448,6.501039,0.8011714,0.8029296,1.108058,1.809034,3.314099,3.314099,3.357359,3.748958,0.0,1.104394,0.6040287,5.20992,5.18848,0.8781188
2025-08-19T12:20:10.877290,0.0051282,0.6187396,0.348407,0.2800919,6.105e-05,0.0,0.1727396,0.00487965,0.1317506,0.0107844,0.0108669,5.46516,0.8008783,0.8010981,1.108424,1.809034,3.314099,3.315015,3.325809,3.723903,0.0,1.107691,0.6040287,5.22466,5.20992,0.8783874
2025-08-19T12:20:11.903282,0.00531135,0.5787265,0.3679256,0.2859475,6.105e-05,0.0,0.1610285,0.00097593,0.2888753,0.0779418,0.0106227,4.38463,0.8011714,0.8025633,1.104394,1.809034,3.313183,3.315015,3.311889,3.740607,0.0,1.106959,0.6032961,5.207239,5.20992,0.8789246
2025-08-19T12:20:12.929738,0.00494505,0.6733917,0.3464552,0.279116,0.00018315,0.0,0.166884,0.00195186,0.2878993,0.07254961,0.0107448,6.501039,0.8011714,0.7996329,1.107325,1.80708,3.313183,3.315931,3.327664,3.741535,0.0,1.105127,0.604395,5.2193,5.20054,0.876507
2025-08-19T12:20:13.961088,0.0058608,0.6724158,0.3571904,0.2869234,6.105e-05,0.0,0.1600525,0.00585558,0.2878993,0.0617652,0.0105006,6.483179,0.8008783,0.8018308,1.107691,1.808545,3.313183,3.315015,3.357359,3.724831,0.0,1.106226,0.6032961,5.20992,5.20054,0.8770444
2025-08-19T12:20:14.992627,0.00482295,0.6646084,0.3445033,0.2800919,0.00018315,0.0,0.1571247,0.00390372,0.2878993,0.0750006,0.0106227,6.483179,0.8008783,0.8025633,1.107325,1.806592,3.313183,3.316846,3.309105,3.722976,0.0,1.108424,0.6036624,5.2059,5.20188,0.8786561
2025-08-19T12:20:16.025071,0.00482295,0.6841269,0.3464552,0.2849716,0.00018315,0.0,0.1620044,0.00292779,0.1132079,0.0750006,0.0105006,6.34923,0.8008783,0.802197,1.107691,1.809034,3.315015,3.315931,3.309105,3.733183,0.0,1.110622,0.6036624,5.20188,5.19786,0.8722091
2025-08-19T12:20:17.052661,0.00506715,0.6704639,0.3464552,0.2820438,6.105e-05,0.0,0.154197,0.00097593,0.3044902,0.0676476,0.0107448,6.05454,0.8011714,0.8018308,1.10586,1.809034,3.315015,3.315015,3.302609,3.726687,0.0,1.108424,0.6051276,5.20456,5.19652,0.8676426
2025-08-19T12:20:18.081347,0.00543345,0.6675361,0.3454792,0.2888753,6.105e-05,0.0,0.1581007,0.00195186,0.1151597,0.0681378,0.0103785,5.4473,0.8011714,0.8010981,1.106959,1.809034,3.314099,3.315931,3.331376,3.748958,0.0,1.112087,0.6014646,5.23538,5.22064,0.8775815
2025-08-19T12:20:19.108281,0.00543345,0.6724158,0.3454792,0.2781401,0.0001221,0.0,0.1551729,0.00292779,0.2732604,0.0651966,0.0105006,6.20635,0.8011714,0.8029296,1.104394,1.808545,3.314099,3.316846,3.327664,3.724831,0.0,1.104394,0.6018309,5.20188,5.19652,0.8783874
2025-08-19T12:20:20.135473,0.00531135,0.5836061,0.3454792,0.2820438,0.00018315,0.0,0.1610285,0.00195186,0.05172429,0.0,0.0101343,5.304419,0.8002922,0.8014644,1.108058,1.809034,3.315015,3.314099,3.319313,3.722976,0.0,1.109156,0.6065928,5.21394,5.21394,0.876507
2025-08-19T12:20:21.165806,0.00482295,0.6851029,0.3445033,0.2830197,0.00018315,0.0,0.1590766,0.00487965,0.2888753,0.080883,0.0105006,6.06347,0.8014645,0.8014644,1.108058,1.809034,3.314099,3.317762,3.309105,3.741535,0.0,1.11172,0.604395,5.20992,5.28228,0.8781188
2025-08-19T12:20:22.197346,0.00518925,0.683151,0.3669497,0.2888753,6.105e-05,0.0,0.1600525,0.00292779,0.2820438,0.0823536,0.0106227,6.38495,0.8017574,0.8036622,1.104394,1.808545,3.314099,3.315015,3.327664,3.729471,0.0,1.107325,0.6036624,5.20456,5.1992,0.8781188
2025-08-19T12:20:23.228302,0.00482295,0.6860789,0.3581663,0.2732604,0.00018315,0.0,0.2566696,0.0,0.2996105,0.0730398,0.0106227,6.911819,0.8011714,0.8025633,1.106959,1.808057,3.313183,3.315015,3.311889,3.722976,0.0,1.113552,0.6014646,5.19518,5.20992,0.8786561
2025-08-19T12:20:24.258128,0.0056166,0.5562801,0.3454792,0.2693567,6.105e-05,0.0,0.1639562,0.00195186,0.0292779,0.0,0.0105006,4.33998,0.8011714,0.8010981,1.107691,1.809034,3.314099,3.315015,3.309105,3.723903,0.0,1.107325,0.6073254,5.20992,5.22064,0.8783874
2025-08-19T12:20:25.289048,0.0053724,0.5592079,0.3454792,0.2674048,6.105e-05,0.0,0.1571247,0.00097593,0.03220569,0.0,0.0106227,4.3757,0.8002922,0.8029296,1.10586,1.808545,3.310436,3.315931,3.319313,3.726687,0.0,1.110988,0.6025635,5.19384,5.19116,0.8853715
2025-08-19T12:20:26.317591,0.00506715,0.683151,0.3464552,0.2800919,6.105e-05,0.0,0.1561488,0.00390372,0.3132735,0.0823536,0.0103785,4.70611,0.8017574,0.8029296,1.108058,1.808545,3.313183,3.315015,3.329521,3.741535,0.0,1.10586,0.604395,5.19652,5.19384,0.8781188
2025-08-19T12:20:27.346621,0.0058608,0.6841269,0.3464552,0.2810678,6.105e-05,0.0,0.1590766,0.00292779,0.306442,0.061275,0.0103785,6.20635,0.8011714,0.802197,1.107325,1.810987,3.313183,3.314099,3.313745,3.722976,0.0,1.108424,0.6051276,5.1992,5.2059,0.8799991
2025-08-19T12:20:28.376634,0.00506715,0.6626565,0.3464552,0.2849716,6.105e-05,0.0,0.166884,0.00292779,0.2703326,0.0730398,0.0106227,6.56355,0.8017574,0.7996329,1.10586,1.81001,3.314099,3.315931,3.307249,3.722976,0.0,1.110622,0.6032961,5.20054,5.20456,0.8775815
2025-08-19T12:20:29.409174,0.00482295,0.6870547,0.3562145,0.2800919,0.00018315,0.0,0.1620044,0.0,0.2888753,0.0803928,0.0107448,6.06347,0.8011714,0.8025633,1.108058,1.808057,3.315015,3.315015,3.311889,3.722976,0.0,1.10879,0.6036624,5.22332,5.24074,0.8783874
2025-08-19T12:20:30.438977,0.0050061,0.557256,0.348407,0.2703326,0.00018315,0.0,0.1639562,0.00292779,0.03122976,0.0,0.0103785,4.50965,0.8011714,0.8029296,1.106959,1.810987,3.314099,3.316846,3.357359,3.740607,0.0,1.107691,0.6036624,5.20188,5.19786,0.876507
2025-08-19T12:20:31.472759,0.00506715,0.6811991,0.3435274,0.2830197,0.00018315,0.0,0.1581007,0.00390372,0.2957068,0.0745104,0.0107448,6.03668,0.8002922,0.8029296,1.104394,1.806592,3.314099,3.315015,3.307249,3.741535,0.0,1.101464,0.6003657,5.2059,5.1992,0.8832226
2025-08-19T12:20:32.504227,0.00482295,0.6772955,0.3464552,0.2849716,0.00018315,0.0,0.2254398,0.00195186,0.2820438,0.0647064,0.010989,4.35784,0.8008783,0.8025633,1.107325,1.809034,3.312268,3.315015,3.325809,3.722976,0.0,1.107691,0.6036624,5.19652,5.20992,0.8773129
2025-08-19T12:20:33.530907,0.0047619,0.5670154,0.3445033,0.2693567,0.00018315,0.0,0.1561488,0.00097593,0.3025383,0.0,0.0106227,4.81327,0.8002922,0.8018308,1.108058,1.808057,3.313183,3.314099,3.309105,3.724831,0.0,1.10586,0.6032961,5.23136,5.21528,0.8799991
2025-08-19T12:20:34.557019,0.0052503,0.5621357,0.3474311,0.2732604,0.0001221,0.0,0.1590766,0.00195186,0.03025383,0.0,0.0107448,5.70627,0.8017574,0.8003655,1.107691,1.809034,3.315015,3.314099,3.357359,3.723903,0.0,1.106226,0.6058602,5.1992,5.1925,0.8770444
2025-08-19T12:20:35.589955,0.00518925,0.654849,0.3464552,0.2830197,0.00018315,0.0,0.1688359,0.00487965,0.3035142,0.0642162,0.0106227,5.81343,0.8008783,0.8007318,1.106226,1.807568,3.315015,3.315015,3.327664,3.741535,0.0,1.103662,0.604395,5.19786,5.1925,0.8853715
2025-08-19T12:20:36.624231,0.00518925,0.6792473,0.3474311,0.2830197,6.105e-05,0.0,0.1561488,0.00292779,0.3005864,0.08284381,0.0105006,6.152769,0.8017574,0.8029296,1.106959,1.809034,3.313183,3.315015,3.326736,3.727615,0.0,1.113552,0.6047613,5.20322,5.19652,0.8781188
2025-08-19T12:20:37.654138,0.00518925,0.655825,0.3454792,0.2839956,6.105e-05,0.0,0.1590766,0.00195186,0.3015624,0.08284381,0.0107448,6.34923,0.8002922,0.8025633,1.108058,1.808057,3.314099,3.315931,3.309105,3.722048,0.0,1.106226,0.6003657,5.20456,5.2059,0.876507
2025-08-19T12:20:38.681196,0.0051282,0.6665602,0.3454792,0.2800919,0.00018315,0.0,0.1590766,0.00487965,0.1054004,0.0299022,0.0107448,5.38479,0.8011714,0.8003655,1.107325,1.808545,3.313183,3.314099,3.327664,3.725759,0.0,1.106959,0.6040287,5.21394,5.2059,0.8791933
2025-08-19T12:20:39.711900,0.0052503,0.669488,0.3445033,0.2800919,0.00018315,0.0,0.1590766,0.00195186,0.2391029,0.0127452,0.0105006,6.1617,0.8008783,0.8029296,1.107691,1.81001,3.315931,3.316846,3.310961,3.722048,0.0,1.111354,0.6036624,5.20322,5.20188,0.8832226
2025-08-19T12:20:40.745296,0.0053724,0.6675361,0.3474311,0.2830197,6.105e-05,0.0,0.1688359,0.00292779,0.3191291,0.07254961,0.0105006,6.21528,0.8011714,0.802197,1.106959,1.81001,3.313183,3.316846,3.310033,3.724831,0.0,1.105494,0.6065928,5.19652,5.20322,0.8810737
2025-08-19T12:20:41.775333,0.00482295,0.5660394,0.3454792,0.2713085,0.00018315,0.0,0.1600525,0.00195186,0.0292779,0.0,0.0105006,4.36677,0.8011714,0.8029296,1.107691,1.809034,3.312268,3.315931,3.33416,3.727615,0.0,1.110622,0.6025635,5.20322,5.21528,0.8786561
2025-08-19T12:20:42.906211,0.00482295,0.6821751,0.3454792,0.2898512,6.105e-05,0.0,0.1610285,0.00195186,0.3035142,0.0769614,0.0105006,6.63499,0.8011714,0.8032959,1.108058,1.809034,3.313183,3.316846,3.319313,3.740607,0.0,1.108424,0.6036624,5.19786,5.1992,0.876507
2025-08-19T12:20:43.933619,0.00531135,0.6724158,0.3454792,0.2771641,0.00018315,0.0,0.1698118,0.00487965,0.05074836,0.0004902,0.0107448,5.41158,0.8008783,0.8018308,1.106959,1.809034,3.313183,3.316846,3.302609,3.741535,0.0,1.107325,0.6036624,5.20992,5.207239,0.8799991
2025-08-19T12:20:45.064081,0.0054945,0.6860789,0.3581663,0.2820438,6.105e-05,0.0,0.1649322,0.00292779,0.3035142,0.002451,0.0107448,6.76001,0.8008783,0.8010981,1.107691,1.804638,3.312268,3.316846,3.311889,3.726687,0.0,1.11172,0.6036624,5.20054,5.19652,0.8794619
2025-08-19T12:20:46.096567,0.0053724,0.6704639,0.3454792,0.2869234,6.105e-05,0.0,0.1629803,0.00195186,0.02830197,0.0,0.0106227,4.33998,0.8017574,0.8029296,1.107691,1.81001,3.314099,3.314099,3.314673,3.726687,0.0,1.107691,0.6018309,5.19786,5.19652,0.8810737
2025-08-19T12:20:47.123710,0.0053724,0.570919,0.3445033,0.2771641,6.105e-05,0.0,0.1571247,0.00292779,0.0585558,0.0279414,0.0107448,3.71488,0.8011714,0.802197,1.106959,1.809522,3.314099,3.315015,3.329521,3.726687,0.0,1.10586,0.6036624,5.20188,5.20992,0.8791933
2025-08-19T12:20:48.155745,0.0058608,0.683151,0.3445033,0.2849716,6.105e-05,0.0,0.1600525,0.00487965,0.264477,0.071079,0.0107448,6.34923,0.8011714,0.8014644,1.107691,1.806592,3.313183,3.314099,3.307249,3.722976,0.0,1.108058,0.6018309,5.20322,5.21796,0.8781188
2025-08-19T12:20:49.181578,0.00506715,0.5904376,0.3435274,0.2722845,6.105e-05,0.0,0.1610285,0.00195186,0.08295405,0.0,0.0103785,4.65253,0.8005854,0.802197,1.108058,1.805615,3.315015,3.316846,3.340656,3.726687,0.0,1.10586,0.6010983,5.2126,5.21394,0.8783874
2025-08-19T12:20:50.217864,0.00506715,0.683151,0.3464552,0.2878993,0.00018315,0.0,0.1600525,0.00195186,0.3025383,0.0607848,0.0106227,6.36709,0.8002922,0.8032959,1.106959,1.804638,3.313183,3.316846,3.309105,3.724831,0.0,1.106592,0.6047613,5.1992,5.19652,0.8783874
2025-08-19T12:20:51.245959,0.00531135,0.6880306,0.3454792,0.2869234,6.105e-05,0.0,0.1590766,0.00195186,0.3357199,0.0602946,0.0107448,6.47425,0.8011714,0.8010981,1.106959,1.810987,3.313183,3.316846,3.307249,3.729471,0.0,1.108424,0.604395,5.20992,5.19518,0.876507
2025-08-19T12:20:52.274325,0.0053724,0.6851029,0.3474311,0.2781401,6.105e-05,0.0,0.2078731,0.0,0.2859475,0.0200982,0.0103785,5.07224,0.8014645,0.8029296,1.106959,1.806592,3.313183,3.315931,3.307249,3.724831,0.0,1.110622,0.6091569,5.21796,5.19652,0.8786561
2025-08-19T12:20:53.308473,0.00518925,0.6714398,0.3464552,0.2839956,0.00018315,0.0,0.1600525,0.00195186,0.2888753,0.078432,0.0107448,6.36709,0.8017574,0.8025633,1.108058,1.81001,3.314099,3.316846,3.311889,3.733183,0.0,1.105494,0.6036624,5.20322,5.19786,0.8770444
2025-08-19T12:20:54.340069,0.0051282,0.683151,0.3454792,0.2849716,6.105e-05,0.0,0.1590766,0.00487965,0.2937549,0.063726,0.0101343,6.34923,0.8008783,0.8029296,1.107691,1.81001,3.312268,3.315015,3.322097,3.722048,0.0,1.102929,0.6036624,5.1992,5.19786,0.8794619
2025-08-19T12:20:55.371291,0.00482295,0.6792473,0.3464552,0.2869234,0.00018315,0.0,0.1639562,0.00390372,0.2869234,0.0602946,0.0112332,6.49211,0.8017574,0.802197,1.108058,1.806592,3.314099,3.314099,3.307249,3.729471,0.0,1.106226,0.6040287,5.207239,5.20456,0.8679112
2025-08-19T12:20:56.409852,0.0052503,0.5621357,0.3454792,0.2713085,0.00018315,0.0,0.1746915,0.0,0.2986346,0.0769614,0.0105006,6.00096,0.8011714,0.8025633,1.10586,1.809034,3.313183,3.316846,3.355503,3.723903,0.0,1.116482,0.6047613,5.19384,5.22332,0.8783874
2025-08-19T12:20:57.542341,0.0053724,0.6890066,0.3454792,0.2820438,6.105e-05,0.0,0.1785952,0.00390372,0.2869234,0.0794124,0.0107448,6.45639,0.8017574,0.802197,1.108058,1.804638,3.315015,3.315015,3.310961,3.726687,0.0,1.107691,0.6029298,5.19786,5.19384,0.8786561
2025-08-19T12:20:58.573726,0.00494505,0.6802233,0.3464552,0.2839956,0.00018315,0.0,0.1649322,0.00487965,0.279116,0.0764712,0.010989,5.983099,0.8011714,0.802197,1.104394,1.810987,3.312268,3.315015,3.313745,3.726687,0.0,1.109156,0.6032961,5.20456,5.19518,0.876507
2025-08-19T12:20:59.604752,0.0058608,0.6041007,0.3454792,0.2908272,0.00018315,0.0,0.1698118,0.00195186,0.09368929,0.0132354,0.0106227,5.358,0.8002922,0.8029296,1.108424,1.807568,3.312268,3.314099,3.329521,3.723903,0.0,1.11282,0.6018309,5.207239,5.2126,0.8783874
2025-08-19T12:21:00.632457,0.0047619,0.558232,0.3474311,0.2800919,0.00018315,0.0,0.1639562,0.00292779,0.3015624,0.0769614,0.0106227,4.38463,0.8002922,0.8018308,1.107325,1.809034,3.312268,3.314099,3.319313,3.733183,0.0,1.104761,0.6029298,5.20322,5.20456,0.8799991
2025-08-19T12:21:01.666094,0.00482295,0.6802233,0.3464552,0.279116,6.105e-05,0.0,0.1629803,0.00292779,0.2713085,0.0813732,0.0106227,6.27779,0.8011714,0.8014644,1.107325,1.808057,3.311352,3.316846,3.309105,3.724831,0.0,1.106592,0.6021972,5.19786,5.20322,0.876507
2025-08-19T12:21:02.693865,0.00470085,0.6880306,0.3464552,0.2849716,0.00018315,0.0,0.16786,0.00292779,0.264477,0.068628,0.0107448,6.29565,0.8005854,0.8029296,1.106226,1.806592,3.314099,3.315931,3.327664,3.722976,0.0,1.10586,0.6025635,5.20992,5.18714,0.8789246
2025-08-19T12:21:03.723900,0.0050061,0.5611597,0.3464552,0.2693567,6.105e-05,0.0,0.1581007,0.00292779,0.03122976,0.0,0.0106227,5.86701,0.8017574,0.8025633,1.10586,1.809034,3.315931,3.317762,3.307249,3.756382,0.0,1.107691,0.6065928,5.20322,5.26218,0.8789246
2025-08-19T12:21:04.751634,0.0052503,0.6890066,0.3454792,0.2781401,6.105e-05,0.0,0.1639562,0.00097593,0.2839956,0.0769614,0.0108669,6.37602,0.8017574,0.8025633,1.108058,1.806592,3.313183,3.316846,3.308177,3.741535,0.0,1.104394,0.6010983,5.1992,5.19652,0.8799991
2025-08-19T12:21:05.781853,0.00482295,0.586534,0.3464552,0.2742363,6.105e-05,0.0,0.1620044,0.0,0.1620044,0.0,0.0101343,5.4473,0.8008783,0.8014644,1.108058,1.809034,3.313183,3.316846,3.355503,3.724831,0.0,1.110622,0.6018309,5.1925,5.19518,0.876507
2025-08-19T12:21:06.910334,0.00518925,0.6480175,0.3464552,0.2830197,6.105e-05,0.0,0.1571247,0.0,0.2966827,0.0696084,0.0106227,6.22421,0.8011714,0.802197,1.107325,1.804638,3.314099,3.315015,3.316529,3.724831,0.0,1.106959,0.6018309,5.20188,5.19786,0.876507
2025-08-19T12:21:07.945257,0.00482295,0.683151,0.3591422,0.2800919,6.105e-05,0.0,0.1600525,0.00390372,0.307418,0.0524514,0.0108669,6.251,0.8014645,0.802197,1.110622,1.809522,3.314099,3.314099,3.309105,3.741535,0.0,1.108424,0.6040287,5.19786,5.22064,0.8783874
2025-08-19T12:21:08.984192,0.0053724,0.6870547,0.3454792,0.2820438,0.00018315,0.0,0.1620044,0.00292779,0.2878993,0.068628,0.0108669,6.21528,0.8008783,0.8025633,1.104394,1.808545,3.313183,3.314099,3.309105,3.729471,0.0,1.106592,0.6036624,5.22064,5.1992,0.8810737
2025-08-19T12:21:10.012342,0.00482295,0.5621357,0.3474311,0.2800919,0.00018315,0.0,0.1620044,0.00195186,0.02830197,0.0,0.0108669,4.38463,0.8014645,0.8029296,1.10586,1.809034,3.312268,3.315015,3.310033,3.723903,0.0,1.107691,0.6003657,5.19116,5.21528,0.8783874
2025-08-19T12:21:11.048986,0.00470085,0.6870547,0.3474311,0.2839956,6.105e-05,0.0,0.1610285,0.00195186,0.3035142,0.075981,0.0101343,5.50088,0.8017574,0.802197,1.108424,1.808545,3.312268,3.315015,3.309105,3.741535,0.0,1.107691,0.6032961,5.20322,5.20188,0.876507
2025-08-19T12:21:12.076380,0.0059829,0.6714398,0.3591422,0.2800919,6.105e-05,0.0,0.1629803,0.00097593,0.2400788,0.0764712,0.0105006,6.62606,0.8008783,0.802197,1.107691,1.808545,3.313183,3.315931,3.357359,3.740607,0.0,1.11172,0.6025635,5.207239,5.19652,0.8810737
2025-08-19T12:21:13.102960,0.0052503,0.5787265,0.3474311,0.2810678,6.105e-05,0.0,0.1610285,0.00292779,0.3035142,0.0,0.0108669,5.93845,0.8017574,0.8014644,1.108424,1.806592,3.313183,3.315931,3.310033,3.724831,0.0,1.113552,0.6047613,5.19652,5.1925,0.8775815
2025-08-19T12:21:14.131805,0.00482295,0.6597287,0.3464552,0.2859475,0.00018315,0.0,0.1581007,0.00292779,0.320105,0.0803928,0.0112332,6.518899,0.8011714,0.8018308,1.107325,1.808057,3.313183,3.314099,3.309105,3.724831,0.0,1.105494,0.6051276,5.207239,5.2059,0.8775815
2025-08-19T12:21:15.161420,0.00555555,0.6870547,0.3454792,0.2820438,6.105e-05,0.0,0.1610285,0.00292779,0.2098249,0.004902,0.0106227,5.37586,0.8011714,0.8014644,1.107691,1.808545,3.313183,3.314099,3.307249,3.726687,0.0,1.101464,0.6051276,5.20322,5.19116,0.8783874
2025-08-19T12:21:16.190969,0.0057387,0.6704639,0.3454792,0.2839956,6.105e-05,0.0,0.1649322,0.00195186,0.2849716,0.075981,0.0107448,6.20635,0.8014645,0.8014644,1.10586,1.806592,3.314099,3.314099,3.309105,3.741535,0.0,1.106226,0.6047613,5.1992,5.17776,0.8781188
2025-08-19T12:21:17.320220,0.0047619,0.6714398,0.3669497,0.2800919,0.00018315,0.0,0.1590766,0.0,0.306442,0.0754908,0.0107448,5.93845,0.8017574,0.8003655,1.10586,1.809034,3.313183,3.315015,3.309105,3.748958,0.0,1.107691,0.604395,5.20054,5.19786,0.8805364
2025-08-19T12:21:18.350604,0.00518925,0.5621357,0.3464552,0.2830197,6.105e-05,0.0,0.1629803,0.00292779,0.03708534,0.0142158,0.0107448,4.42035,0.8014645,0.8018308,1.106226,1.809034,3.313183,3.316846,3.327664,3.726687,0.0,1.104761,0.604395,5.20054,5.1992,0.8791933
2025-08-19T12:21:19.378254,0.00543345,0.6870547,0.3454792,0.2839956,0.00018315,0.0,0.1639562,0.00097593,0.3044902,0.0764712,0.0106227,6.0724,0.8017574,0.8018308,1.106226,1.806592,3.314099,3.314099,3.319313,3.748958,0.0,1.104394,0.600732,5.1992,5.1992,0.8773129
2025-08-19T12:21:20.408814,0.00531135,0.5601838,0.3474311,0.2703326,0.00018315,0.0,0.1629803,0.00195186,0.03025383,0.0,0.0112332,4.50965,0.8008783,0.8018308,1.106959,1.809034,3.312268,3.315931,3.311889,3.725759,0.0,1.104761,0.6036624,5.22198,5.19786,0.8783874
2025-08-19T12:21:21.437891,0.0052503,0.6733917,0.3454792,0.2800919,0.00018315,0.0,0.2674048,0.00292779,0.2888753,0.078432,0.0106227,6.28672,0.8008783,0.8018308,1.106959,1.808057,3.314099,3.315015,3.327664,3.723903,0.0,1.10586,0.604395,5.20992,5.19786,0.8799991
2025-08-19T12:21:22.466667,0.00482295,0.6236192,0.3464552,0.2722845,0.00018315,0.0,0.1581007,0.00390372,0.09954486,0.0009804,0.0108669,5.1794,0.8014645,0.802197,1.107325,1.809034,3.315015,3.315015,3.327664,3.72112,0.0,1.105127,0.6040287,5.20322,5.18982,0.8762386
2025-08-19T12:21:23.495871,0.0058608,0.5543283,0.3464552,0.2713085,0.00018315,0.0,0.1590766,0.00292779,0.08295405,0.0,0.0107448,4.41142,0.8008783,0.8010981,1.108058,1.808545,3.315015,3.316846,3.308177,3.722048,0.0,1.106959,0.6040287,5.19518,5.20456,0.8797306
2025-08-19T12:21:24.531699,0.0058608,0.6792473,0.3445033,0.279116,6.105e-05,0.0,0.1571247,0.00097593,0.2839956,0.0803928,0.0107448,6.21528,0.8008783,0.802197,1.106226,1.81001,3.314099,3.315015,3.313745,3.722976,0.0,1.113552,0.6018309,5.2193,5.20456,0.8781188
2025-08-19T12:21:25.563628,0.00543345,0.5601838,0.3474311,0.2713085,0.00018315,0.0,0.1639562,0.0,0.03122976,0.0,0.0112332,4.41142,0.8002922,0.8018308,1.107691,1.808057,3.314099,3.315931,3.311889,3.723903,0.0,1.106226,0.6032961,5.1992,5.19116,0.8775815
2025-08-19T12:21:26.589710,0.00482295,0.6724158,0.3464552,0.2810678,6.105e-05,0.0,0.1620044,0.00195186,0.3366958,0.0750006,0.010989,6.47425,0.8011714,0.8029296,1.104394,1.806103,3.313183,3.315931,3.309105,3.726687,0.0,1.105127,0.6036624,5.20188,5.19786,0.876507
2025-08-19T12:21:27.616941,0.0050061,0.6841269,0.3474311,0.2888753,6.105e-05,0.0,0.1581007,0.00390372,0.2761882,0.0803928,0.0105006,6.03668,0.8011714,0.8018308,1.104394,1.808057,3.313183,3.315015,3.328592,3.741535,0.0,1.104028,0.6040287,5.21126,5.1992,0.8791933
2025-08-19T12:21:28.647263,0.0053724,0.6870547,0.3474311,0.2810678,6.105e-05,0.0,0.1600525,0.00195186,0.2800919,0.0299022,0.0106227,6.134909,0.8008783,0.8029296,1.104394,1.809522,3.314099,3.315931,3.340656,3.724831,0.0,1.108424,0.6029298,5.1925,5.19652,0.8799991
2025-08-19T12:21:29.691907,0.00457875,0.5689672,0.3474311,0.2898512,0.00018315,0.0,0.1639562,0.0,0.05074836,0.0102942,0.0108669,5.4473,0.8011714,0.8025633,1.106959,1.808545,3.315015,3.315015,3.307249,3.724831,0.0,1.105127,0.6025635,5.1992,5.20322,0.876507
2025-08-19T12:21:30.723543,0.006105,0.5640876,0.3445033,0.279116,6.105e-05,0.0,0.1600525,0.00390372,0.2810678,0.0769614,0.0106227,4.50965,0.8017574,0.7996329,1.107325,1.809522,3.314099,3.315931,3.311889,3.734111,0.0,1.105127,0.6032961,5.20992,5.1992,0.8799991
2025-08-19T12:21:31.752041,0.0047619,0.5923895,0.3454792,0.2752123,0.00018315,0.0,0.1581007,0.0,0.06050766,0.0014706,0.0112332,5.23298,0.8011714,0.8014644,1.108424,1.809034,3.314099,3.314099,3.309105,3.720192,0.0,1.108058,0.6058602,5.21394,5.19786,0.8775815
2025-08-19T12:21:32.789803,0.00482295,0.6763194,0.3464552,0.2781401,0.00018315,0.0,0.1620044,0.00292779,0.2898512,0.0696084,0.0105006,6.09919,0.8014645,0.802197,1.107325,1.809034,3.311352,3.314099,3.331376,3.748958,0.0,1.106226,0.6032961,5.20188,5.20322,0.8786561
2025-08-19T12:21:33.818477,0.0056166,0.6811991,0.3454792,0.2820438,6.105e-05,0.0,0.1600525,0.00195186,0.2713085,0.0750006,0.0112332,6.643919,0.8017574,0.8014644,1.107691,1.809034,3.315015,3.316846,3.327664,3.741535,0.0,1.106226,0.6040287,5.20992,5.1992,0.876507
2025-08-19T12:21:34.849418,0.00494505,0.6880306,0.3474311,0.2800919,6.105e-05,0.0,0.1639562,0.00292779,0.2400788,0.0764712,0.0111111,6.49211,0.8011714,0.8010981,1.106226,1.808545,3.312268,3.316846,3.319313,3.726687,0.0,1.102929,0.604395,5.20188,5.19518,0.8791933
2025-08-19T12:21:35.877908,0.0052503,0.6860789,0.3435274,0.2820438,6.105e-05,0.0,0.1629803,0.00390372,0.2957068,0.0598044,0.0107448,6.49211,0.8011714,0.8029296,1.107691,1.808057,3.313183,3.315015,3.307249,3.741535,0.0,1.105127,0.604395,5.20858,5.20054,0.8794619
2025-08-19T12:21:36.905563,0.00470085,0.5777506,0.3474311,0.279116,0.00018315,0.0,0.1581007,0.00195186,0.1161357,0.0524514,0.0108669,5.29549,0.8017574,0.7996329,1.108058,1.808057,3.313183,3.315015,3.307249,3.722048,0.0,1.113552,0.6040287,5.21394,5.20456,0.8781188
2025-08-19T12:21:37.938902,0.00531135,0.5748228,0.3445033,0.2752123,6.105e-05,0.0,0.1912823,0.00487965,0.307418,0.0818634,0.0106227,5.31335,0.8011714,0.8010981,1.106959,1.808545,3.315015,3.315015,3.307249,3.724831,0.0,1.113552,0.6025635,5.1925,5.20992,0.8783874
2025-08-19T12:21:38.975762,0.0047619,0.6851029,0.3562145,0.2898512,0.00018315,0.0,0.1610285,0.00097593,0.3103457,0.0813732,0.0106227,6.36709,0.8017574,0.802197,1.107691,1.81001,3.314099,3.315015,3.308177,3.734111,0.0,1.105127,0.6087906,5.2729,5.20322,0.8775815
2025-08-19T12:21:40.001676,0.00518925,0.6860789,0.3445033,0.2898512,0.00018315,0.0,0.1756674,0.00292779,0.3103457,0.0779418,0.0106227,5.97417,0.8008783,0.8036622,1.108058,1.810987,3.314099,3.315015,3.310961,3.725759,0.0,1.107691,0.6032961,5.1992,5.19384,0.8794619
2025-08-19T12:21:41.032327,0.00482295,0.6753436,0.3474311,0.279116,0.00018315,0.0,0.1620044,0.00390372,0.2713085,0.07353001,0.0105006,6.12598,0.8008783,0.8010981,1.108058,1.809522,3.312268,3.314099,3.357359,3.723903,0.0,1.105127,0.6040287,5.20322,5.20054,0.8781188
2025-08-19T12:21:42.059873,0.00543345,0.6880306,0.3454792,0.2713085,0.0,0.0,0.1561488,0.00195186,0.3103457,0.07254961,0.0106227,6.09026,0.8005854,0.8018308,1.106959,1.809034,3.313183,3.315015,3.355503,3.724831,0.0,1.110622,0.6065928,5.1992,5.20456,0.8810737
2025-08-19T12:21:43.087126,0.0052503,0.5728709,0.3474311,0.2820438,6.105e-05,0.0,0.1571247,0.0,0.2849716,0.0519612,0.0107448,5.23298,0.8008783,0.8029296,1.107691,1.808057,3.312268,3.316846,3.311889,3.722976,0.0,1.110622,0.6014646,5.20322,5.19652,0.876507
2025-08-19T12:21:44.120025,0.0053724,0.6636324,0.3454792,0.2800919,0.00018315,0.0,0.1639562,0.00195186,0.307418,0.066177,0.0101343,6.3403,0.8017574,0.802197,1.108058,1.809522,3.315015,3.315931,3.327664,3.723903,0.0,1.110988,0.6025635,5.20858,5.20858,0.8791933
2025-08-19T12:21:45.147561,0.0053724,0.5826302,0.3445033,0.2820438,6.105e-05,0.0,0.1620044,0.00292779,0.2625252,0.0446082,0.0112332,5.38479,0.8017574,0.802197,1.107691,1.809522,3.314099,3.315931,3.309105,3.745246,0.0,1.110622,0.6021972,5.20992,5.21126,0.8810737
2025-08-19T12:21:46.176682,0.0054945,0.6899826,0.3445033,0.2820438,6.105e-05,0.0,0.1620044,0.00097593,0.334744,0.08284381,0.010989,6.26886,0.8014645,0.8029296,1.106226,1.805615,3.312268,3.316846,3.311889,3.756382,0.0,1.108058,0.6040287,5.20054,5.20322,0.876507
2025-08-19T12:21:47.207366,0.00543345,0.6860789,0.3464552,0.2781401,6.105e-05,0.0,0.1785952,0.0,0.3357199,0.080883,0.0106227,5.84915,0.8017574,0.8025633,1.10879,1.809034,3.314099,3.316846,3.307249,3.733183,0.0,1.110622,0.6025635,5.207239,5.19518,0.8770444
2025-08-19T12:21:48.236548,0.00592185,0.6031247,0.3474311,0.2742363,6.105e-05,0.0,0.1600525,0.0,0.03025383,0.0,0.0106227,4.45607,0.8017574,0.8014644,1.10586,1.806592,3.314099,3.314099,3.307249,3.741535,0.0,1.10879,0.6018309,5.1992,5.20456,0.8810737
2025-08-19T12:21:49.262815,0.0047619,0.6792473,0.3474311,0.2800919,6.105e-05,0.0,0.1600525,0.00292779,0.2849716,0.07353001,0.0106227,6.34923,0.8005854,0.8025633,1.108058,1.806592,3.313183,3.314099,3.308177,3.722976,0.0,1.107691,0.6018309,5.20054,5.20992,0.8794619
2025-08-19T12:21:50.295344,0.00506715,0.6890066,0.3454792,0.2820438,0.00018315,0.0,0.1620044,0.0,0.279116,0.0607848,0.010989,6.58141,0.8014645,0.8018308,1.107691,1.810987,3.313183,3.315931,3.307249,3.786077,0.0,1.113552,0.6029298,5.1925,5.19384,0.8786561
2025-08-19T12:21:51.325255,0.0059829,0.6733917,0.3571904,0.2888753,6.105e-05,0.0,0.1610285,0.00292779,0.2878993,0.0647064,0.0108669,4.39356,0.8017574,0.8018308,1.106226,1.809034,3.312268,3.315931,3.318385,3.726687,0.0,1.113552,0.6036624,5.1992,5.19518,0.8791933
2025-08-19T12:21:52.455726,0.00482295,0.5923895,0.3454792,0.2830197,0.00018315,0.0,0.1620044,0.00097593,0.1151597,0.0,0.0108669,5.161539,0.8014645,0.8029296,1.107325,1.810987,3.314099,3.314099,3.322097,3.724831,0.0,1.107325,0.6047613,5.1925,5.2126,0.8791933
2025-08-19T12:21:53.483238,0.00518925,0.6802233,0.3445033,0.2810678,6.105e-05,0.0,0.1629803,0.0,0.2966827,0.0764712,0.0106227,6.03668,0.8005854,0.8014644,1.108058,1.809034,3.313183,3.316846,3.311889,3.733183,0.0,1.104394,0.6025635,5.19652,5.1925,0.8778502
2025-08-19T12:21:54.516887,0.00494505,0.6782714,0.3552385,0.2781401,0.00018315,0.0,0.1551729,0.00292779,0.3025383,0.0730398,0.0107448,6.42067,0.8011714,0.8010981,1.108058,1.810987,3.312268,3.317762,3.329521,3.741535,0.0,1.109156,0.6029298,5.20322,5.1992,0.876507
2025-08-19T12:21:55.543880,0.0052503,0.6733917,0.3454792,0.2683808,0.00018315,0.0,0.1649322,0.00097593,0.2781401,0.0852948,0.0107448,6.09026,0.8011714,0.802197,1.106592,1.809034,3.312268,3.315015,3.309105,3.723903,0.0,1.113552,0.6040287,5.20054,5.20456,0.8773129
2025-08-19T12:21:56.571963,0.00506715,0.6782714,0.3464552,0.279116,6.105e-05,0.0,0.16786,0.00195186,0.2957068,0.0617652,0.0105006,6.20635,0.8011714,0.8029296,1.108058,1.809034,3.313183,3.315015,3.327664,3.756382,0.0,1.104394,0.6029298,5.21394,5.1992,0.8786561
2025-08-19T12:21:57.601184,0.00531135,0.6851029,0.3464552,0.2869234,0.0,0.0,0.1659081,0.00390372,0.2888753,0.0745104,0.0101343,6.63499,0.8017574,0.8029296,1.106592,1.809034,3.313183,3.315931,3.357359,3.723903,0.0,1.108424,0.604395,5.20054,5.1925,0.8789246
2025-08-19T12:21:58.631959,0.00518925,0.6753436,0.3454792,0.2839956,6.105e-05,0.0,0.1639562,0.00390372,0.2713085,0.0818634,0.0107448,6.34923,0.8008783,0.8025633,1.106592,1.805615,3.313183,3.316846,3.327664,3.733183,0.0,1.108058,0.6040287,5.1992,5.19786,0.8773129
2025-08-19T12:21:59.663407,0.00482295,0.6587528,0.3474311,0.2839956,0.0,0.0,0.1620044,0.0,0.0780744,0.0534318,0.010989,5.46516,0.8002922,0.8018308,1.107691,1.807568,3.312268,3.314099,3.333232,3.723903,0.0,1.110255,0.6018309,5.22064,5.20992,0.8783874
2025-08-19T12:22:00.694777,0.00506715,0.5777506,0.3571904,0.2674048,6.105e-05,0.0,0.1571247,0.00097593,0.03415755,0.0142158,0.0101343,6.251,0.8014645,0.802197,1.10586,1.806592,3.313183,3.314099,3.307249,3.726687,0.0,1.116849,0.6010983,5.19518,5.19652,0.8791933
2025-08-19T12:22:01.730667,0.0058608,0.5767746,0.348407,0.2722845,0.00018315,0.0,0.1571247,0.00487965,0.0292779,0.0,0.0106227,4.35784,0.8011714,0.8036622,1.107325,1.806592,3.314099,3.314099,3.333232,3.722976,0.0,1.10879,0.6032961,5.20858,5.18982,0.8786561
2025-08-19T12:22:02.766421,0.00506715,0.5631116,0.3464552,0.2703326,6.105e-05,0.0,0.1620044,0.00097593,0.04489278,0.07254961,0.0106227,4.99187,0.8008783,0.8018308,1.108424,1.808057,3.314099,3.315931,3.307249,3.722976,0.0,1.106592,0.6069591,5.21126,5.22198,0.8783874
2025-08-19T12:22:03.796585,0.00482295,0.6890066,0.3474311,0.2810678,6.105e-05,0.0,0.1600525,0.00292779,0.2713085,0.0769614,0.0103785,6.39388,0.8011714,0.8018308,1.104394,1.808057,3.313183,3.315931,3.313745,3.745246,0.0,1.104394,0.6018309,5.1992,5.20188,0.8791933
2025-08-19T12:22:04.830583,0.00482295,0.6841269,0.3464552,0.2839956,0.00018315,0.0,0.1620044,0.00195186,0.3035142,0.0852948,0.0106227,6.59927,0.8002922,0.8018308,1.108058,1.806592,3.315015,3.314099,3.307249,3.722976,0.0,1.108424,0.6018309,5.20054,5.1992,0.8810737
2025-08-19T12:22:05.862276,0.0058608,0.5592079,0.3454792,0.2810678,0.0,0.0,0.1571247,0.00097593,0.03025383,0.0,0.0106227,4.3757,0.8017574,0.802197,1.104394,1.809034,3.315015,3.314099,3.327664,3.723903,0.0,1.113552,0.604395,5.20054,5.20992,0.8799991
2025-08-19T12:22:06.891096,0.00518925,0.6792473,0.3464552,0.2859475,0.00018315,0.0,0.1639562,0.00292779,0.2878993,0.0720594,0.0106227,6.3403,0.8014645,0.802197,1.104394,1.807568,3.313183,3.314099,3.357359,3.741535,0.0,1.104394,0.6025635,5.1925,5.19384,0.8791933
2025-08-19T12:22:07.925620,0.00494505,0.6577768,0.3464552,0.2820438,6.105e-05,0.0,0.1610285,0.0,0.3015624,0.0450984,0.0105006,6.04561,0.8011714,0.802197,1.106592,1.806592,3.314099,3.315931,3.327664,3.724831,0.0,1.102929,0.6036624,5.19116,5.19518,0.8791933
2025-08-19T12:22:08.957793,0.00543345,0.5660394,0.3454792,0.2742363,6.105e-05,0.0,0.1620044,0.00195186,0.08392998,0.0,0.0107448,5.4473,0.8017574,0.8014644,1.10879,1.808545,3.315015,3.315015,3.307249,3.74339,0.0,1.107691,0.6032961,5.2126,5.21394,0.8775815
2025-08-19T12:22:09.986489,0.0058608,0.6704639,0.3464552,0.2849716,6.105e-05,0.0,0.1629803,0.0,0.2713085,0.0769614,0.0107448,6.02775,0.8005854,0.8018308,1.108058,1.809034,3.312268,3.314099,3.318385,3.722976,0.0,1.109156,0.6036624,5.20456,5.19518,0.8789246
2025-08-19T12:22:11.016904,0.0050061,0.5601838,0.3454792,0.2830197,0.00018315,0.0,0.1600525,0.00097593,0.2869234,0.0593142,0.0106227,4.42035,0.8014645,0.8010981,1.107691,1.806592,3.312268,3.315015,3.319313,3.745246,0.0,1.104394,0.6029298,5.20054,5.19652,0.8794619
2025-08-19T12:22:12.046357,0.0053724,0.6890066,0.3454792,0.279116,6.105e-05,0.0,0.1629803,0.00585558,0.2888753,0.07990261,0.010989,6.57248,0.8011714,0.8010981,1.106226,1.807568,3.314099,3.315931,3.311889,3.726687,0.0,1.108058,0.6032961,5.1925,5.207239,0.8754326
2025-08-19T12:22:13.076013,0.00494505,0.6236192,0.3474311,0.2878993,0.00018315,0.0,0.1590766,0.00195186,0.307418,0.0696084,0.0106227,6.08133,0.8011714,0.8036622,1.107325,1.809522,3.314099,3.314099,3.313745,3.724831,0.0,1.10586,0.604395,5.19116,5.1992,0.8778502
2025-08-19T12:22:14.113983,0.00494505,0.6568009,0.3464552,0.279116,6.105e-05,0.0,0.1746915,0.00195186,0.08392998,0.0034314,0.0105006,5.4473,0.8011714,0.802197,1.106959,1.808545,3.314099,3.315931,3.307249,3.724831,0.0,1.107325,0.608058,5.20858,5.207239,0.8789246
2025-08-19T12:22:15.143449,0.0052503,0.571895,0.348407,0.2742363,0.00018315,0.0,0.16786,0.00097593,0.2878993,0.0642162,0.0107448,6.4296,0.8014645,0.8018308,1.106959,1.808057,3.312268,3.314099,3.307249,3.740607,0.0,1.110988,0.6003657,5.20456,5.20054,0.8786561
2025-08-19T12:22:16.174862,0.0047619,0.6899826,0.3454792,0.2849716,0.00018315,0.0,0.1629803,0.00390372,0.2761882,0.0803928,0.0108669,6.20635,0.8011714,0.802197,1.108058,1.808057,3.314099,3.314099,3.319313,3.741535,0.0,1.105127,0.6036624,5.20456,5.1992,0.8789246
2025-08-19T12:22:17.202814,0.00482295,0.6880306,0.3454792,0.2869234,0.00018315,0.0,0.1639562,0.00292779,0.3035142,0.0779418,0.0112332,6.38495,0.8017574,0.8018308,1.104394,1.806592,3.315015,3.315015,3.312817,3.725759,0.0,1.101464,0.6032961,5.20322,5.207239,0.8791933
2025-08-19T12:22:18.232845,0.00506715,0.6753436,0.3474311,0.2859475,0.00018315,0.0,0.1590766,0.00097593,0.2683808,0.068628,0.0105006,6.53676,0.8011714,0.8025633,1.106592,1.809034,3.313183,3.316846,3.355503,3.724831,0.0,1.107691,0.6018309,5.18982,5.20456,0.876507
2025-08-19T12:22:19.263244,0.00470085,0.6870547,0.3454792,0.279116,6.105e-05,0.0,0.1590766,0.00292779,0.3015624,0.0681378,0.0108669,4.29533,0.8011714,0.8029296,1.108058,1.808545,3.315015,3.314099,3.301682,3.733183,0.0,1.101464,0.6032961,5.19652,5.19652,0.8805364
2025-08-19T12:22:20.293613,0.0047619,0.6811991,0.3464552,0.2732604,0.00018315,0.0,0.1629803,0.00390372,0.3181532,0.0754908,0.0106227,6.47425,0.8002922,0.8025633,1.108058,1.809034,3.314099,3.315015,3.309105,3.740607,0.0,1.110622,0.6047613,5.20456,5.1925,0.8775815
2025-08-19T12:22:21.425377,0.00494505,0.641186,0.3445033,0.2781401,6.105e-05,0.0,0.1600525,0.00195186,0.2986346,0.07353001,0.0107448,6.63499,0.8011714,0.802197,1.108058,1.808057,3.314099,3.315931,3.319313,3.731327,0.0,1.108058,0.6029298,5.20054,5.1992,0.8775815
2025-08-19T12:22:22.456023,0.00482295,0.6841269,0.3454792,0.2869234,0.00018315,0.0,0.1600525,0.00292779,0.2869234,0.0568632,0.0105006,5.94738,0.8008783,0.8018308,1.107325,1.806592,3.314099,3.315015,3.319313,3.728543,0.0,1.113552,0.608058,5.207239,5.20992,0.8781188
2025-08-19T12:22:23.586691,0.00543345,0.6802233,0.3454792,0.2781401,6.105e-05,0.0,0.1639562,0.00487965,0.3025383,0.0769614,0.0106227,6.56355,0.8002922,0.8014644,1.108058,1.808545,3.313183,3.315015,3.307249,3.741535,0.0,1.112453,0.6032961,5.19384,5.20858,0.8775815
2025-08-19T12:22:24.614767,0.00494505,0.586534,0.3454792,0.2781401,6.105e-05,0.0,0.1561488,0.00292779,0.1073523,0.007353,0.0107448,5.64376,0.8011714,0.8018308,1.108058,1.809034,3.314099,3.316846,3.316529,3.724831,0.0,1.107691,0.6025635,5.2059,5.21528,0.8770444
2025-08-19T12:22:25.647666,0.0058608,0.6841269,0.3454792,0.2830197,6.105e-05,0.0,0.1707878,0.00097593,0.2839956,0.07254961,0.0107448,3.76846,0.8008783,0.8014644,1.108058,1.808057,3.314099,3.316846,3.307249,3.740607,0.0,1.105127,0.6036624,5.20322,5.22064,0.8783874
2025-08-19T12:22:26.672833,0.0053724,0.669488,0.348407,0.2810678,6.105e-05,0.0,0.16786,0.00292779,0.3015624,0.07892221,0.0107448,6.26886,0.8008783,0.802197,1.108058,1.809522,3.314099,3.316846,3.309105,3.729471,0.0,1.113552,0.6065928,5.20054,5.2126,0.8781188
2025-08-19T12:22:27.704526,0.00482295,0.683151,0.3464552,0.2820438,6.105e-05,0.0,0.1561488,0.00097593,0.2742363,0.0696084,0.0107448,6.501039,0.8011714,0.8014644,1.107325,1.809034,3.314099,3.314099,3.307249,3.748958,0.0,1.113552,0.600732,5.22198,5.22064,0.8786561
2025-08-19T12:22:28.733785,0.00457875,0.6880306,0.3464552,0.2869234,6.105e-05,0.0,0.1688359,0.00292779,0.2713085,0.0750006,0.0101343,6.35816,0.8011714,0.8010981,1.107691,1.809522,3.314099,3.314099,3.341584,3.726687,0.0,1.105127,0.6018309,5.1925,5.20456,0.8789246
2025-08-19T12:22:29.765585,0.00470085,0.6626565,0.3571904,0.2859475,0.00018315,0.0,0.1600525,0.00195186,0.2957068,0.0696084,0.0106227,5.8938,0.8011714,0.8029296,1.108058,1.81001,3.312268,3.316846,3.307249,3.720192,0.0,1.104394,0.6047613,5.20188,5.19786,0.876507
2025-08-19T12:22:30.794423,0.00482295,0.683151,0.3454792,0.2810678,6.105e-05,0.0,0.1581007,0.00195186,0.2800919,0.07745161,0.0106227,6.42067,0.8014645,0.8018308,1.106959,1.806592,3.313183,3.314099,3.308177,3.723903,0.0,1.104394,0.6014646,5.20456,5.19786,0.8832226
2025-08-19T12:22:31.826709,0.00555555,0.5621357,0.3464552,0.2683808,0.00018315,0.0,0.1659081,0.00097593,0.0390372,0.0137256,0.0107448,4.52751,0.8008783,0.802197,1.107325,1.808057,3.312268,3.315931,3.327664,3.722976,0.0,1.10879,0.6032961,5.19786,5.20322,0.876507
2025-08-19T12:22:32.855816,0.0050061,0.6870547,0.3464552,0.2810678,0.00018315,0.0,0.1571247,0.00097593,0.3035142,0.0750006,0.0108669,5.92059,0.8011714,0.8029296,1.107691,1.809034,3.313183,3.315931,3.307249,3.741535,0.0,1.10586,0.6029298,5.20188,5.1992,0.876507
2025-08-19T12:22:33.985103,0.00543345,0.6724158,0.3464552,0.2810678,0.0,0.0,0.1620044,0.00390372,0.2976587,0.083334,0.0108669,6.518899,0.8014645,0.8010981,1.106959,1.808545,3.314099,3.315015,3.327664,3.741535,0.0,1.106959,0.6084243,5.21394,5.207239,0.8783874
2025-08-19T12:22:35.012451,0.0047619,0.5611597,0.3474311,0.2722845,0.00018315,0.0,0.1639562,0.00292779,0.2722845,0.0,0.0108669,4.33998,0.8008783,0.7996329,1.10586,1.808057,3.314099,3.315015,3.309105,3.722048,0.0,1.104394,0.6025635,5.21528,5.1992,0.8778502
2025-08-19T12:22:36.039091,0.0056166,0.5621357,0.3474311,0.2849716,0.00018315,0.0,0.1620044,0.00195186,0.03220569,0.0,0.0107448,4.33998,0.8017574,0.8029296,1.107691,1.809522,3.312268,3.315931,3.319313,3.729471,0.0,1.107325,0.6040287,5.20054,5.20858,0.876507
2025-08-19T12:22:37.070326,0.00482295,0.6811991,0.3454792,0.2830197,0.00018315,0.0,0.1620044,0.00292779,0.03122976,0.0,0.0107448,3.99171,0.8017574,0.8029296,1.10586,1.808545,3.312268,3.315931,3.307249,3.733183,0.0,1.106226,0.6036624,5.20188,5.19652,0.8789246
2025-08-19T12:22:38.098356,0.00543345,0.6782714,0.3454792,0.2820438,0.00018315,0.0,0.1639562,0.00097593,0.2918031,0.0779418,0.0105006,6.09026,0.8017574,0.802197,1.107691,1.809522,3.314099,3.315015,3.301682,3.723903,0.0,1.104394,0.6018309,5.20322,5.19384,0.8783874
2025-08-19T12:22:39.127208,0.00518925,0.6841269,0.3445033,0.2839956,0.00018315,0.0,0.1590766,0.00292779,0.2713085,0.0602946,0.0107448,6.06347,0.8017574,0.8018308,1.106959,1.809034,3.312268,3.315015,3.313745,3.727615,0.0,1.104761,0.6047613,5.20992,5.20456,0.8775815
2025-08-19T12:22:40.155852,0.00494505,0.5923895,0.3445033,0.2830197,0.00018315,0.0,0.1590766,0.00195186,0.08392998,0.002451,0.0105006,4.90257,0.8011714,0.802197,1.107691,1.81001,3.314099,3.314099,3.307249,3.724831,0.0,1.109523,0.6036624,5.19116,5.21662,0.8853715
2025-08-19T12:22:41.198894,0.00506715,0.6841269,0.3464552,0.2820438,0.00018315,0.0,0.1581007,0.00195186,0.2957068,0.08284381,0.0106227,6.38495,0.8002922,0.8025633,1.108058,1.810987,3.312268,3.314099,3.307249,3.741535,0.0,1.101464,0.6018309,5.207239,5.1992,0.8778502
2025-08-19T12:22:42.225609,0.0058608,0.5631116,0.3464552,0.2722845,0.00018315,0.0,0.1590766,0.00292779,0.08197812,0.0,0.0106227,4.35784,0.8002922,0.802197,1.104394,1.809034,3.314099,3.314099,3.311889,3.740607,0.0,1.104761,0.6036624,5.20456,5.1992,0.8781188
2025-08-19T12:22:43.253135,0.0058608,0.5914136,0.3454792,0.2859475,0.00018315,0.0,0.1590766,0.00292779,0.2781401,0.063726,0.0107448,5.25084,0.8008783,0.7996329,1.107691,1.808057,3.312268,3.315015,3.302609,3.741535,0.0,1.107325,0.6065928,5.21394,5.20992,0.8789246
2025-08-19T12:22:44.279250,0.0053724,0.570919,0.3464552,0.2693567,6.105e-05,0.0,0.1590766,0.0,0.08197812,0.061275,0.0101343,5.24191,0.8011714,0.8010981,1.108058,1.806592,3.314099,3.316846,3.310033,3.722048,0.0,1.104394,0.6040287,5.20456,5.1992,0.8770444
2025-08-19T12:22:45.312234,0.00506715,0.6811991,0.3435274,0.2888753,6.105e-05,0.0,0.1610285,0.00195186,0.2957068,0.0803928,0.0107448,6.08133,0.8008783,0.8018308,1.108424,1.808057,3.314099,3.315931,3.319313,3.740607,0.0,1.107691,0.6040287,5.20858,5.20188,0.876507
2025-08-19T12:22:46.340069,0.0053724,0.6724158,0.3571904,0.279116,6.105e-05,0.0,0.1620044,0.00195186,0.2947309,0.078432,0.0103785,6.23314,0.8008783,0.8032959,1.107325,1.81001,3.311352,3.316846,3.309105,3.730399,0.0,1.110622,0.6010983,5.18714,5.18714,0.8802678
2025-08-19T12:22:47.369934,0.004884,0.5611597,0.3445033,0.2849716,0.00018315,0.0,0.1581007,0.0,0.0292779,0.0,0.0108669,4.25068,0.8008783,0.8010981,1.107691,1.804638,3.313183,3.315015,3.319313,3.741535,0.0,1.105127,0.6021972,5.20322,5.19786,0.8791933
2025-08-19T12:22:48.395796,0.0051282,0.6860789,0.3445033,0.279116,0.00018315,0.0,0.1717637,0.0,0.2722845,0.071079,0.010989,6.4296,0.8011714,0.802197,1.108058,1.809034,3.313183,3.314099,3.319313,3.723903,0.0,1.105127,0.608058,5.2193,5.20054,0.8783874
2025-08-19T12:22:49.424805,0.0053724,0.6724158,0.3552385,0.2859475,6.105e-05,0.0,0.1590766,0.00292779,0.3171773,0.0818634,0.0107448,6.50997,0.8017574,0.8018308,1.104394,1.809522,3.314099,3.315931,3.331376,3.722048,0.0,1.113552,0.6036624,5.2059,5.2193,0.8791933
2025-08-19T12:22:50.455930,0.004884,0.5611597,0.3581663,0.2810678,6.105e-05,0.0,0.1590766,0.00195186,0.3044902,0.0607848,0.0107448,4.43821,0.8008783,0.8029296,1.104394,1.810987,3.313183,3.315015,3.319313,3.723903,0.0,1.113552,0.6036624,5.20322,5.19786,0.8759698
2025-08-19T12:22:51.484876,0.0052503,0.558232,0.3562145,0.2703326,6.105e-05,0.0,0.1659081,0.00292779,0.0292779,0.0,0.0103785,4.38463,0.8014645,0.802197,1.10586,1.804638,3.313183,3.314099,3.327664,3.740607,0.0,1.110622,0.6032961,5.20188,5.1992,0.876507
2025-08-19T12:22:52.516910,0.0052503,0.6841269,0.3425514,0.2820438,6.105e-05,0.0,0.2068972,0.00195186,0.3171773,0.0754908,0.0108669,6.35816,0.8002922,0.8010981,1.107691,1.808057,3.313183,3.316846,3.309105,3.726687,0.0,1.107691,0.6025635,5.20054,5.1925,0.8805364
2025-08-19T12:22:53.545426,0.0058608,0.6099563,0.3445033,0.2859475,6.105e-05,0.0,0.1610285,0.00292779,0.3093698,0.0602946,0.0106227,6.09026,0.8008783,0.8010981,1.107325,1.808545,3.314099,3.315015,3.309105,3.723903,0.0,1.110622,0.6032961,5.20054,5.20322,0.8789246
2025-08-19T12:22:54.576588,0.00506715,0.6099563,0.3474311,0.2742363,6.105e-05,0.0,0.1600525,0.0,0.3083939,0.071079,0.0101343,5.06331,0.8011714,0.8018308,1.107325,1.809034,3.313183,3.316846,3.312817,3.733183,0.0,1.111354,0.6003657,5.21126,5.20456,0.8791933
2025-08-19T12:22:55.708840,0.00506715,0.683151,0.3474311,0.2859475,0.00018315,0.0,0.1785952,0.00097593,0.2693567,0.0666672,0.0112332,6.23314,0.8002922,0.8025633,1.108058,1.808545,3.315015,3.315931,3.319313,3.740607,0.0,1.104394,0.6018309,5.19786,5.19652,0.8789246
2025-08-19T12:22:56.743719,0.00518925,0.6880306,0.3464552,0.2849716,0.00018315,0.0,0.1571247,0.00097593,0.3005864,0.0764712,0.0105006,6.04561,0.8011714,0.8025633,1.106959,1.808545,3.313183,3.315931,3.313745,3.722976,0.0,1.105127,0.6036624,5.20188,5.19786,0.8791933
2025-08-19T12:22:57.772442,0.00482295,0.6216674,0.3464552,0.279116,6.105e-05,0.0,0.1571247,0.00195186,0.3015624,0.0779418,0.010989,6.0724,0.8008783,0.8014644,1.106226,1.809522,3.312268,3.315931,3.319313,3.724831,0.0,1.110622,0.6036624,5.20188,5.20992,0.8775815
2025-08-19T12:22:58.805939,0.0058608,0.6733917,0.3454792,0.2781401,6.105e-05,0.0,0.1649322,0.00292779,0.3327921,0.075981,0.0107448,6.35816,0.8017574,0.8014644,1.107325,1.806592,3.314099,3.314099,3.331376,3.741535,0.0,1.102929,0.6032961,5.20322,5.19786,0.8789246
2025-08-19T12:22:59.840759,0.00482295,0.6870547,0.3474311,0.2771641,0.00018315,0.0,0.1707878,0.00390372,0.2986346,0.0740202,0.0107448,6.90289,0.8008783,0.802197,1.106226,1.806592,3.314099,3.315015,3.308177,3.741535,0.0,1.104394,0.6003657,5.19786,5.22332,0.8778502
2025-08-19T12:23:00.867380,0.00506715,0.683151,0.3659738,0.2820438,6.105e-05,0.0,0.1620044,0.00487965,0.1366302,0.0093138,0.0108669,5.32228,0.8011714,0.8014644,1.10586,1.809522,3.313183,3.316846,3.319313,3.724831,0.0,1.105127,0.6032961,5.22064,5.21394,0.8789246
2025-08-19T12:23:01.895970,0.0053724,0.5621357,0.3669497,0.2752123,0.00018315,0.0,0.1649322,0.00292779,0.1376061,0.0,0.010989,4.59895,0.8014645,0.8032959,1.107325,1.806592,3.314099,3.315931,3.310033,3.722976,0.0,1.107325,0.6014646,5.21394,5.20992,0.8778502
2025-08-19T12:23:02.925824,0.00506715,0.6636324,0.3464552,0.2888753,0.00018315,0.0,0.1561488,0.00292779,0.2713085,0.07892221,0.0106227,6.06347,0.8014645,0.8018308,1.106959,1.809522,3.314099,3.315015,3.307249,3.748958,0.0,1.102929,0.6021972,5.207239,5.1992,0.8775815
2025-08-19T12:23:03.958712,0.0058608,0.6909585,0.3474311,0.2761882,0.00018315,0.0,0.1610285,0.00390372,0.2878993,0.0803928,0.0107448,6.4296,0.8005854,0.8018308,1.106592,1.807568,3.315015,3.315015,3.327664,3.740607,0.0,1.107325,0.6040287,5.20054,5.2059,0.8783874
2025-08-19T12:23:04.989029,0.00506715,0.6792473,0.3454792,0.279116,6.105e-05,0.0,0.154197,0.00292779,0.2859475,0.0745104,0.0107448,5.804499,0.8011714,0.8029296,1.107691,1.81001,3.313183,3.314099,3.308177,3.724831,0.0,1.108424,0.6032961,5.20054,5.20322,0.8789246
2025-08-19T12:23:06.019749,0.00518925,0.6929103,0.3513348,0.2800919,6.105e-05,0.0,0.1639562,0.00097593,0.3035142,0.0813732,0.0106227,6.50997,0.8014645,0.8018308,1.107691,1.806592,3.314099,3.314099,3.329521,3.726687,0.0,1.104394,0.6036624,5.20188,5.20054,0.876507
2025-08-19T12:23:07.054604,0.00567765,0.5933654,0.3454792,0.279116,0.00018315,0.0,0.1610285,0.00097593,0.0780744,0.0,0.0108669,5.40265,0.8002922,0.8010981,1.104394,1.809522,3.314099,3.315015,3.311889,3.726687,0.0,1.106226,0.6018309,5.22064,5.2327,0.8781188
2025-08-19T12:23:08.085830,0.0058608,0.5621357,0.3464552,0.2693567,6.105e-05,0.0,0.1600525,0.00487965,0.02830197,0.0,0.0106227,4.34891,0.8017574,0.8025633,1.104394,1.809034,3.315015,3.316846,3.310033,3.745246,0.0,1.107325,0.6032961,5.20054,5.19786,0.8813422
2025-08-19T12:23:09.118621,0.00543345,0.6841269,0.3445033,0.2810678,6.105e-05,0.0,0.16786,0.00487965,0.3113217,0.083334,0.0107448,6.40281,0.8002922,0.8025633,1.107691,1.809034,3.314099,3.315931,3.329521,3.722048,0.0,1.104761,0.6036624,5.18714,5.19384,0.8789246
2025-08-19T12:23:10.249901,0.00482295,0.6704639,0.3454792,0.2849716,0.00018315,0.0,0.1639562,0.00292779,0.2781401,0.0769614,0.0112332,6.09919,0.8002922,0.802197,1.107691,1.808545,3.313183,3.316846,3.329521,3.727615,0.0,1.106959,0.6018309,5.21126,5.21126,0.8783874
2025-08-19T12:23:11.277712,0.00518925,0.654849,0.3562145,0.2820438,6.105e-05,0.0,0.1600525,0.00390372,0.2937549,0.0681378,0.0101343,6.35816,0.8008783,0.8025633,1.106226,1.810987,3.313183,3.315931,3.327664,3.729471,0.0,1.107691,0.6010983,5.1925,5.1925,0.8781188
2025-08-19T12:23:12.309370,0.0053724,0.6958381,0.3474311,0.2830197,0.00018315,0.0,0.1737155,0.00390372,0.2869234,0.0039216,0.0106227,5.95631,0.8005854,0.8025633,1.106226,1.809034,3.313183,3.316846,3.307249,3.723903,0.0,1.10879,0.6032961,5.1925,5.1992,0.8775815
2025-08-19T12:23:13.347353,0.0047619,0.669488,0.3474311,0.2810678,0.00018315,0.0,0.1600525,0.00292779,0.3191291,0.0823536,0.0107448,6.35816,0.8011714,0.8014644,1.107691,1.808057,3.314099,3.316846,3.307249,3.723903,0.0,1.107691,0.604395,5.20322,5.1925,0.8789246
2025-08-19T12:23:14.375726,0.0050061,0.5611597,0.348407,0.279116,0.00018315,0.0,0.1659081,0.00292779,0.2752123,0.0093138,0.0106227,4.33105,0.8008783,0.8018308,1.106959,1.808545,3.314099,3.315931,3.307249,3.733183,0.0,1.109156,0.6032961,5.1992,5.20456,0.8832226
2025-08-19T12:23:15.408635,0.0053724,0.642162,0.3581663,0.2859475,0.00018315,0.0,0.1629803,0.00390372,0.3191291,0.0676476,0.0107448,6.21528,0.8002922,0.8029296,1.107691,1.810499,3.312268,3.315931,3.318385,3.748958,0.0,1.107325,0.600732,5.20322,5.19652,0.8770444
2025-08-19T12:23:16.435208,0.0050061,0.6802233,0.3454792,0.2820438,6.105e-05,0.0,0.1590766,0.00292779,0.3025383,0.075981,0.0105006,5.45623,0.8008783,0.8018308,1.108058,1.808545,3.314099,3.316846,3.325809,3.723903,0.0,1.107691,0.6036624,5.1992,5.19786,0.8783874
2025-08-19T12:23:17.463668,0.0058608,0.6782714,0.3474311,0.2810678,6.105e-05,0.0,0.1600525,0.00292779,0.3015624,0.06715741,0.0107448,6.09026,0.8005854,0.8010981,1.107691,1.809034,3.315015,3.315015,3.313745,3.726687,0.0,1.107691,0.6003657,5.20322,5.20992,0.8799991
2025-08-19T12:23:18.493719,0.00494505,0.5689672,0.3464552,0.2713085,0.00018315,0.0,0.1639562,0.00292779,0.03318162,0.07353001,0.0106227,4.36677,0.8008783,0.8029296,1.106959,1.809034,3.315015,3.315931,3.307249,3.726687,0.0,1.108424,0.6025635,5.207239,5.19652,0.876507
2025-08-19T12:23:19.520930,0.00482295,0.6753436,0.3474311,0.279116,0.00018315,0.0,0.1590766,0.00195186,0.3025383,0.08823601,0.0108669,6.0724,0.8008783,0.8010981,1.107325,1.809034,3.314099,3.315931,3.327664,3.723903,0.0,1.106959,0.6029298,5.1992,5.2126,0.8786561
2025-08-19T12:23:20.554892,0.00482295,0.6782714,0.3464552,0.2859475,0.00018315,0.0,0.1590766,0.0,0.2966827,0.0867654,0.0108669,6.63499,0.8002922,0.8025633,1.108058,1.808545,3.315015,3.315015,3.355503,3.740607,0.0,1.106959,0.6036624,5.20992,5.19786,0.8794619
2025-08-19T12:23:21.584985,0.0053724,0.6880306,0.3464552,0.2810678,6.105e-05,0.0,0.1600525,0.00292779,0.2732604,0.0622554,0.0106227,6.28672,0.8008783,0.8018308,1.108058,1.809034,3.313183,3.315015,3.319313,3.722048,0.0,1.113552,0.604395,5.20322,5.19786,0.8775815
2025-08-19T12:23:22.617907,0.00482295,0.6880306,0.3445033,0.2810678,6.105e-05,0.0,0.2605733,0.00292779,0.3035142,0.0696084,0.0112332,6.21528,0.8017574,0.8025633,1.107691,1.81001,3.314099,3.315015,3.319313,3.727615,0.0,1.110622,0.604395,5.20054,5.19786,0.8781188
2025-08-19T12:23:23.648017,0.00494505,0.6626565,0.3464552,0.2800919,0.00018315,0.0,0.1620044,0.0,0.2713085,0.0764712,0.0105006,6.34923,0.8008783,0.8010981,1.107691,1.81001,3.312268,3.314099,3.307249,3.741535,0.0,1.105127,0.6065928,5.20992,5.19786,0.8786561
2025-08-19T12:23:24.677237,0.00531135,0.5670154,0.3474311,0.2781401,0.00018315,0.0,0.1600525,0.00292779,0.1317506,0.0,0.0107448,4.75969,0.8008783,0.8025633,1.104394,1.809034,3.312268,3.316846,3.355503,3.723903,0.0,1.108424,0.6025635,5.20858,5.20992,0.8781188
2025-08-19T12:23:25.709609,0.00494505,0.6753436,0.3454792,0.2800919,0.00018315,0.0,0.1590766,0.0,0.2547177,0.068628,0.0107448,6.36709,0.8008783,0.8010981,1.104394,1.809034,3.313183,3.315015,3.307249,3.723903,0.0,1.110988,0.6018309,5.1992,5.19786,0.8778502
2025-08-19T12:23:26.745789,0.00506715,0.6870547,0.3581663,0.2849716,6.105e-05,0.0,0.1639562,0.00487965,0.306442,0.0769614,0.0107448,6.54569,0.8014645,0.8014644,1.10586,1.809522,3.315015,3.315015,3.327664,3.740607,0.0,1.105127,0.6029298,5.20992,5.19786,0.8775815
2025-08-19T12:23:27.773084,0.00494505,0.6860789,0.3454792,0.2859475,6.105e-05,0.0,0.1590766,0.00195186,0.2713085,0.0720594,0.0108669,6.63499,0.8011714,0.802197,1.107325,1.806592,3.310436,3.315931,3.307249,3.741535,0.0,1.101464,0.6032961,5.20188,5.19786,0.8853715
2025-08-19T12:23:28.807602,0.0053724,0.6860789,0.3464552,0.2918031,6.105e-05,0.0,0.1639562,0.00292779,0.2742363,0.0598044,0.0106227,6.59927,0.8002922,0.8018308,1.108058,1.812941,3.315015,3.315931,3.307249,3.741535,0.0,1.101464,0.6036624,5.20992,5.20054,0.8773129
2025-08-19T12:23:29.839578,0.00506715,0.5670154,0.348407,0.2878993,6.105e-05,0.0,0.16786,0.00390372,0.0292779,0.0,0.0106227,4.44714,0.8017574,0.802197,1.106959,1.809034,3.312268,3.315931,3.309105,3.729471,0.0,1.104761,0.6025635,5.20858,5.1992,0.8853715
2025-08-19T12:23:30.871962,0.00506715,0.6704639,0.3474311,0.2810678,0.00018315,0.0,0.1581007,0.00292779,0.1785952,0.017157,0.0107448,4.85792,0.8017574,0.7996329,1.106592,1.809034,3.313183,3.315015,3.327664,3.741535,0.0,1.10879,0.6029298,5.20456,5.19652,0.8802678
2025-08-19T12:23:31.906301,0.0056166,0.5601838,0.3474311,0.2820438,6.105e-05,0.0,0.1551729,0.00195186,0.03025383,0.0,0.0101343,4.35784,0.8008783,0.8029296,1.107325,1.808545,3.313183,3.314099,3.355503,3.724831,0.0,1.106592,0.6036624,5.20322,5.18848,0.8783874
2025-08-19T12:23:32.937381,0.0051282,0.6792473,0.3581663,0.2859475,0.00018315,0.0,0.2527659,0.00292779,0.3132735,0.075981,0.0108669,6.0724,0.8011714,0.7996329,1.107691,1.809034,3.312268,3.314099,3.313745,3.723903,0.0,1.107691,0.6065928,5.20992,5.19384,0.8791933
2025-08-19T12:23:33.970480,0.00506715,0.6733917,0.3571904,0.279116,6.105e-05,0.0,0.1639562,0.00487965,0.2713085,0.068628,0.0105006,6.36709,0.8011714,0.8029296,1.108058,1.808545,3.314099,3.314099,3.327664,3.741535,0.0,1.10586,0.6021972,5.20322,5.20322,0.8799991
2025-08-19T12:23:35.003948,0.0058608,0.6772955,0.3474311,0.2820438,6.105e-05,0.0,0.1571247,0.00487965,0.2810678,0.0750006,0.0107448,6.38495,0.8011714,0.8014644,1.107325,1.809034,3.313183,3.314099,3.307249,3.724831,0.0,1.107691,0.604395,5.1992,5.20054,0.8781188
2025-08-19T12:23:36.034410,0.0051282,0.557256,0.3464552,0.2722845,0.00018315,0.0,0.1639562,0.00390372,0.03318162,0.0,0.0108669,4.45607,0.8008783,0.802197,1.107325,1.810987,3.315015,3.315015,3.312817,3.723903,0.0,1.104761,0.6036624,5.20456,5.19786,0.8775815
2025-08-19T12:23:37.072232,0.00482295,0.669488,0.3464552,0.2800919,6.105e-05,0.0,0.1600525,0.00292779,0.3044902,0.078432,0.0101343,6.09919,0.8017574,0.8010981,1.107691,1.810987,3.314099,3.315015,3.313745,3.729471,0.0,1.107325,0.6029298,5.19786,5.19384,0.8722091
2025-08-19T12:23:38.110847,0.0058608,0.5601838,0.3591422,0.2693567,6.105e-05,0.0,0.153221,0.00292779,0.03122976,0.0,0.0102564,4.45607,0.8011714,0.8018308,1.108058,1.809034,3.315015,3.315015,3.309105,3.740607,0.0,1.10879,0.6003657,5.20054,5.1992,0.8754326
2025-08-19T12:23:39.142866,0.0068376,0.6948622,0.3464552,0.2830197,6.105e-05,0.0,0.1639562,0.00292779,0.265453,0.07745161,0.0108669,6.06347,0.8017574,0.8010981,1.104394,1.804638,3.314099,3.315931,3.313745,3.726687,0.0,1.107691,0.6025635,5.2059,5.1992,0.876507
2025-08-19T12:23:40.172222,0.0058608,0.570919,0.3474311,0.2732604,0.0,0.0,0.1620044,0.00292779,0.1307746,0.0102942,0.0103785,5.10796,0.8017574,0.8018308,1.107691,1.809034,3.312268,3.316846,3.310033,3.722976,0.0,1.10586,0.6021972,5.18714,5.1992,0.8789246
2025-08-19T12:23:41.204796,0.00482295,0.6743678,0.3581663,0.2820438,0.00018315,0.0,0.1629803,0.00195186,0.2732604,0.0843144,0.0106227,6.18849,0.8017574,0.8029296,1.104394,1.809522,3.312268,3.316846,3.309105,3.741535,0.0,1.113552,0.6029298,5.19786,5.207239,0.8783874
2025-08-19T12:23:42.236700,0.0047619,0.6880306,0.3571904,0.2810678,6.105e-05,0.0,0.1659081,0.00292779,0.3015624,0.068628,0.0105006,6.32244,0.8008783,0.802197,1.106226,1.806592,3.314099,3.314099,3.319313,3.741535,0.0,1.106959,0.6029298,5.207239,5.19786,0.8770444
2025-08-19T12:23:43.272973,0.0051282,0.5679912,0.3464552,0.2732604,0.00018315,0.0,0.16786,0.00195186,0.05270022,0.0,0.0106227,5.42944,0.8008783,0.802197,1.107325,1.809522,3.314099,3.316846,3.307249,3.722976,0.0,1.107325,0.6029298,5.19786,5.1992,0.8775815
2025-08-19T12:23:44.303311,0.00506715,0.5660394,0.3474311,0.2771641,0.00018315,0.0,0.1551729,0.00195186,0.1014967,0.0676476,0.0107448,6.34923,0.8008783,0.8025633,1.106226,1.809034,3.312268,3.315931,3.327664,3.723903,0.0,1.109523,0.6040287,5.20054,5.207239,0.8778502
2025-08-19T12:23:45.435415,0.0058608,0.6841269,0.3474311,0.2839956,6.105e-05,0.0,0.1805471,0.00292779,0.321081,0.0745104,0.0105006,6.50997,0.8008783,0.802197,1.106226,1.808545,3.313183,3.315015,3.307249,3.756382,0.0,1.107691,0.6032961,5.1992,5.20188,0.8775815
2025-08-19T12:23:46.466875,0.0046398,0.6724158,0.3562145,0.2830197,6.105e-05,0.0,0.1629803,0.00292779,0.2722845,0.0691182,0.0105006,6.41174,0.8011714,0.8025633,1.104394,1.809034,3.313183,3.316846,3.357359,3.729471,0.0,1.104028,0.6029298,5.18714,5.21796,0.8754326
2025-08-19T12:23:47.495320,0.00543345,0.6899826,0.3562145,0.2830197,0.00018315,0.0,0.1620044,0.00097593,0.3054661,0.0681378,0.0107448,6.06347,0.8011714,0.802197,1.107691,1.811964,3.314099,3.315931,3.357359,3.729471,0.0,1.107691,0.6021972,5.22332,5.1992,0.8722091
2025-08-19T12:23:48.523624,0.0051282,0.6860789,0.3464552,0.2859475,0.00018315,0.0,0.1620044,0.00390372,0.2947309,0.0740202,0.0112332,6.1617,0.8008783,0.802197,1.10586,1.806592,3.314099,3.315015,3.319313,3.722976,0.0,1.106592,0.6036624,5.20188,5.20456,0.8770444
2025-08-19T12:23:49.553838,0.0054945,0.6177637,0.3454792,0.279116,6.105e-05,0.0,0.1600525,0.00097593,0.2059212,0.0509808,0.0106227,5.17047,0.8017574,0.8010981,1.107325,1.808545,3.314099,3.315931,3.319313,3.722976,0.0,1.108058,0.6065928,5.21394,5.2126,0.8775815
2025-08-19T12:23:50.587187,0.0050061,0.6860789,0.3454792,0.2859475,6.105e-05,0.0,0.1649322,0.00195186,0.320105,0.0764712,0.0107448,6.62606,0.8017574,0.802197,1.106959,1.81001,3.312268,3.314099,3.310033,3.741535,0.0,1.107325,0.604395,5.20858,5.20456,0.8832226
2025-08-19T12:23:51.616612,0.00518925,0.6802233,0.3571904,0.279116,6.105e-05,0.0,0.1610285,0.0,0.2576455,0.07254961,0.0106227,6.65285,0.8017574,0.8010981,1.107691,1.809034,3.315015,3.315015,3.329521,3.724831,0.0,1.107325,0.6032961,5.20322,5.19652,0.8778502
2025-08-19T12:23:52.650207,0.0051282,0.6821751,0.3464552,0.2781401,0.00018315,0.0,0.1581007,0.00292779,0.2957068,0.0696084,0.0107448,6.65285,0.8008783,0.8010981,1.104394,1.809522,3.314099,3.315931,3.302609,3.741535,0.0,1.105127,0.6029298,5.20322,5.207239,0.8794619
2025-08-19T12:23:53.680258,0.00604395,0.6743678,0.3464552,0.2761882,6.105e-05,0.0,0.1649322,0.00390372,0.279116,0.0647064,0.0106227,6.501039,0.8011714,0.802197,1.108058,1.809522,3.314099,3.315015,3.307249,3.748958,0.0,1.105127,0.6047613,5.20188,5.1992,0.8810737
2025-08-19T12:23:54.710424,0.0056166,0.6119081,0.3454792,0.2869234,6.105e-05,0.0,0.1590766,0.00195186,0.3035142,0.0769614,0.0107448,5.28656,0.8017574,0.8014644,1.10586,1.808545,3.314099,3.315931,3.313745,3.741535,0.0,1.107325,0.6065928,5.21528,5.20858,0.8773129
2025-08-19T12:23:55.738361,0.00531135,0.6714398,0.3464552,0.2908272,6.105e-05,0.0,0.1600525,0.00195186,0.2966827,0.0769614,0.0107448,6.53676,0.8002922,0.8010981,1.107691,1.808057,3.314099,3.314099,3.318385,3.741535,0.0,1.104028,0.6040287,5.19786,5.19786,0.8781188
2025-08-19T12:23:56.768554,0.00433455,0.6860789,0.3454792,0.2849716,6.105e-05,0.0,0.1620044,0.00390372,0.2898512,0.0730398,0.0105006,6.59034,0.8011714,0.802197,1.106959,1.807568,3.314099,3.315015,3.328592,3.727615,0.0,1.106959,0.6010983,5.1925,5.19786,0.8789246
2025-08-19T12:23:57.802246,0.00494505,0.6714398,0.3474311,0.279116,6.105e-05,0.0,0.1776193,0.00195186,0.2742363,0.0602946,0.0105006,6.21528,0.8008783,0.7996329,1.108424,1.81001,3.315015,3.315015,3.319313,3.726687,0.0,1.106226,0.6010983,5.1992,5.20992,0.867374
2025-08-19T12:23:58.827927,0.00482295,0.5631116,0.3454792,0.2869234,6.105e-05,0.0,0.1639562,0.00195186,0.03220569,0.0,0.0107448,4.51858,0.8011714,0.8018308,1.106226,1.807568,3.314099,3.315015,3.311889,3.722048,0.0,1.107691,0.6021972,5.1992,5.19786,0.8770444
2025-08-19T12:23:59.855093,0.0051282,0.6870547,0.3454792,0.2810678,6.105e-05,0.0,0.166884,0.00292779,0.3083939,0.0877458,0.0103785,6.25993,0.8011714,0.802197,1.106226,1.806592,3.312268,3.312268,3.327664,3.741535,0.0,1.113552,0.6032961,5.1992,5.20054,0.8799991
2025-08-19T12:24:00.904725,0.00543345,0.6216674,0.3464552,0.2761882,0.00018315,0.0,0.154197,0.00292779,0.06538731,0.0,0.0108669,4.86685,0.8008783,0.802197,1.108058,1.808545,3.314099,3.314099,3.307249,3.723903,0.0,1.105494,0.6032961,5.21394,5.2059,0.8781188
2025-08-19T12:24:01.934099,0.0047619,0.6870547,0.3464552,0.2800919,6.105e-05,0.0,0.1620044,0.00292779,0.2957068,0.0705888,0.0102564,6.36709,0.8008783,0.8025633,1.107691,1.809034,3.311352,3.315015,3.319313,3.734111,0.0,1.105127,0.6029298,5.20322,5.1992,0.8853715
2025-08-19T12:24:02.979288,0.0058608,0.5650635,0.3601182,0.2810678,0.00018315,0.0,0.1639562,0.00292779,0.04684464,0.0,0.0107448,5.90273,0.8011714,0.802197,1.108058,1.806592,3.314099,3.315015,3.311889,3.726687,0.0,1.104394,0.6032961,5.2126,5.21394,0.8783874
2025-08-19T12:24:04.009170,0.0058608,0.5601838,0.3464552,0.2800919,6.105e-05,0.0,0.1629803,0.00292779,0.2810678,0.0573534,0.0108669,4.40249,0.8008783,0.8025633,1.108058,1.808545,3.314099,3.315015,3.319313,3.733183,0.0,1.104394,0.6047613,5.19786,5.20188,0.8810737
2025-08-19T12:24:05.044406,0.00531135,0.5933654,0.348407,0.2732604,0.00018315,0.0,0.1600525,0.00195186,0.08588185,0.0691182,0.0105006,4.45607,0.8002922,0.8029296,1.107325,1.807568,3.313183,3.315015,3.307249,3.723903,0.0,1.114285,0.6025635,5.22064,5.19786,0.8789246
2025-08-19T12:24:06.079021,0.00531135,0.683151,0.3445033,0.2849716,6.105e-05,0.0,0.153221,0.00292779,0.3054661,0.075981,0.0107448,6.501039,0.8011714,0.8018308,1.106959,1.809034,3.313183,3.314099,3.327664,3.724831,0.0,1.108424,0.6054939,5.20188,5.1992,0.8781188
2025-08-19T12:24:07.114973,0.0053724,0.683151,0.36207,0.2849716,6.105e-05,0.0,0.1571247,0.0,0.3181532,0.0656868,0.0108669,6.38495,0.8011714,0.8010981,1.106592,1.806592,3.314099,3.315931,3.310033,3.724831,0.0,1.104394,0.6032961,5.19786,5.20054,0.8775815
2025-08-19T12:24:08.141733,0.0053724,0.5611597,0.3464552,0.2722845,6.105e-05,0.0,0.1581007,0.0,0.02732604,0.0,0.0107448,4.44714,0.8011714,0.8018308,1.106592,1.81001,3.313183,3.314099,3.302609,3.724831,0.0,1.107691,0.6029298,5.20456,5.19384,0.8799991
2025-08-19T12:24:09.173344,0.0056166,0.668512,0.3464552,0.279116,0.00018315,0.0,0.1629803,0.00487965,0.2898512,0.0730398,0.0096459,6.09919,0.8014645,0.8010981,1.107325,1.810987,3.314099,3.315931,3.313745,3.741535,0.0,1.113552,0.6036624,5.1992,5.2193,0.8775815
2025-08-19T12:24:10.201433,0.00494505,0.6792473,0.3474311,0.2839956,0.00018315,0.0,0.1629803,0.0,0.3259606,0.0877458,0.0107448,6.50997,0.8011714,0.8029296,1.107691,1.806592,3.313183,3.315931,3.331376,3.741535,0.0,1.105494,0.6040287,5.19786,5.1992,0.8799991
2025-08-19T12:24:11.229665,0.00506715,0.6216674,0.348407,0.2859475,6.105e-05,0.0,0.1785952,0.00390372,0.1151597,0.07254961,0.0107448,5.17047,0.8017574,0.802197,1.10586,1.809034,3.313183,3.315015,3.319313,3.722976,0.0,1.112087,0.6018309,5.20456,5.19116,0.8791933
2025-08-19T12:24:12.260107,0.00494505,0.669488,0.3464552,0.2800919,0.00018315,0.0,0.1688359,0.00195186,0.2869234,0.0750006,0.0108669,6.170629,0.8011714,0.8029296,1.106959,1.810987,3.313183,3.314099,3.319313,3.723903,0.0,1.105494,0.6032961,5.20188,5.19786,0.8781188
2025-08-19T12:24:13.287752,0.00543345,0.6763194,0.3474311,0.2830197,6.105e-05,0.0,0.2117768,0.00195186,0.3171773,0.0730398,0.0107448,5.33121,0.8008783,0.8025633,1.106959,1.809034,3.312268,3.315931,3.329521,3.748958,0.0,1.106226,0.6018309,5.21126,5.21394,0.8778502
2025-08-19T12:24:14.319360,0.0052503,0.6870547,0.3464552,0.2703326,6.105e-05,0.0,0.1590766,0.00390372,0.03513348,0.0,0.0107448,4.49179,0.8011714,0.802197,1.106959,1.806592,3.312268,3.314099,3.319313,3.726687,0.0,1.104394,0.6018309,5.19786,5.1925,0.8853715
2025-08-19T12:24:15.354962,0.00543345,0.6870547,0.3474311,0.2859475,6.105e-05,0.0,0.1571247,0.00097593,0.2937549,0.0803928,0.0106227,6.38495,0.8008783,0.8025633,1.106592,1.808057,3.315015,3.315931,3.311889,3.723903,0.0,1.107691,0.6032961,5.20188,5.1992,0.8786561
2025-08-19T12:24:16.386463,0.00482295,0.6851029,0.3464552,0.2800919,6.105e-05,0.0,0.1649322,0.00097593,0.2722845,0.0740202,0.0105006,6.34923,0.8008783,0.8018308,1.10586,1.808545,3.314099,3.315931,3.307249,3.723903,0.0,1.107691,0.604395,5.19786,5.20992,0.8781188
2025-08-19T12:24:17.421761,0.00482295,0.5601838,0.348407,0.2664289,0.00018315,0.0,0.1590766,0.00097593,0.03122976,0.0,0.0103785,4.34891,0.8008783,0.8018308,1.108058,1.808545,3.313183,3.314099,3.307249,3.733183,0.0,1.113552,0.6051276,5.20054,5.2126,0.876507
2025-08-19T12:24:18.553508,0.00494505,0.6480175,0.3445033,0.2800919,0.00018315,0.0,0.1561488,0.00195186,0.3171773,0.0779418,0.0107448,6.57248,0.8011714,0.8018308,1.108058,1.806592,3.314099,3.315015,3.307249,3.740607,0.0,1.10879,0.6018309,5.20456,5.20456,0.8791933
2025-08-19T12:24:19.582168,0.0058608,0.6802233,0.3464552,0.2888753,6.105e-05,0.0,0.1717637,0.0,0.0683151,0.0,0.0107448,5.01866,0.8017574,0.8010981,1.107325,1.808057,3.314099,3.315931,3.319313,3.722976,0.0,1.102929,0.6003657,5.20992,5.2193,0.8783874
2025-08-19T12:24:20.612283,0.00482295,0.5592079,0.3581663,0.2771641,6.105e-05,0.0,0.1561488,0.00195186,0.320105,0.0764712,0.0107448,5.18833,0.8008783,0.8014644,1.108058,1.809034,3.314099,3.314099,3.331376,3.727615,0.0,1.104028,0.604395,5.20992,5.2059,0.8799991
2025-08-19T12:24:21.641822,0.00531135,0.5748228,0.3464552,0.2800919,6.105e-05,0.0,0.1659081,0.00195186,0.03415755,0.0,0.0106227,4.43821,0.8017574,0.8025633,1.104394,1.808545,3.312268,3.314099,3.311889,3.726687,0.0,1.110622,0.604395,5.1992,5.20992,0.8775815
2025-08-19T12:24:22.674666,0.00494505,0.6792473,0.3474311,0.2830197,6.105e-05,0.0,0.1649322,0.0,0.2732604,0.0681378,0.0105006,6.4296,0.8008783,0.8014644,1.108058,1.808545,3.311352,3.315931,3.327664,3.740607,0.0,1.105127,0.6025635,5.20322,5.21662,0.876507
2025-08-19T12:24:23.709692,0.0058608,0.6792473,0.3454792,0.2849716,6.105e-05,0.0,0.1659081,0.0,0.3015624,0.0607848,0.0106227,6.49211,0.8005854,0.802197,1.108058,1.808545,3.313183,3.316846,3.307249,3.741535,0.0,1.107325,0.6025635,5.20992,5.20322,0.8853715
2025-08-19T12:24:24.743045,0.0052503,0.6851029,0.348407,0.2849716,6.105e-05,0.0,0.1610285,0.0,0.2820438,0.0647064,0.0107448,6.54569,0.8011714,0.8036622,1.106959,1.809034,3.312268,3.315015,3.319313,3.724831,0.0,1.108058,0.6025635,5.1992,5.19786,0.8775815
2025-08-19T12:24:25.774242,0.00543345,0.6860789,0.3464552,0.2800919,0.00018315,0.0,0.1600525,0.0,0.3025383,0.0852948,0.0108669,6.170629,0.8008783,0.8018308,1.10586,1.806592,3.313183,3.315015,3.327664,3.724831,0.0,1.104394,0.6036624,5.20858,5.1992,0.8799991
2025-08-19T12:24:26.807455,0.0056166,0.6821751,0.3464552,0.2820438,6.105e-05,0.0,0.1590766,0.00487965,0.3005864,0.0700986,0.0108669,6.22421,0.8011714,0.8029296,1.106959,1.809034,3.314099,3.316846,3.327664,3.724831,0.0,1.112087,0.6032961,5.19786,5.18982,0.8810737
2025-08-19T12:24:27.836260,0.0053724,0.683151,0.3445033,0.2849716,0.00018315,0.0,0.1629803,0.0,0.1785952,0.07353001,0.0106227,6.3403,0.8011714,0.8010981,1.105127,1.81001,3.312268,3.315015,3.327664,3.725759,0.0,1.104394,0.6032961,5.1992,5.19652,0.876507
2025-08-19T12:24:28.873359,0.0054945,0.6792473,0.3445033,0.2849716,6.105e-05,0.0,0.1649322,0.00390372,0.3025383,0.0676476,0.0102564,6.37602,0.8008783,0.8018308,1.10586,1.804638,3.315015,3.315015,3.327664,3.724831,0.0,1.106592,0.6025635,5.20322,5.1992,0.8781188
2025-08-19T12:24:30.005551,0.0054945,0.6860789,0.3464552,0.2781401,6.105e-05,0.0,0.154197,0.0,0.2156806,0.0730398,0.0107448,6.35816,0.8011714,0.8014644,1.10586,1.81001,3.314099,3.314099,3.309105,3.741535,0.0,1.106592,0.6014646,5.20992,5.20054,0.8791933
2025-08-19T12:24:31.033947,0.00482295,0.6997418,0.3464552,0.2781401,0.00018315,0.0,0.1649322,0.00390372,0.3044902,0.0779418,0.0107448,6.20635,0.8011714,0.8018308,1.107325,1.806592,3.312268,3.314099,3.310033,3.723903,0.0,1.104394,0.6036624,5.2059,5.18714,0.8781188
2025-08-19T12:24:32.068417,0.0058608,0.683151,0.3464552,0.2918031,6.105e-05,0.0,0.1571247,0.00390372,0.1717637,0.0200982,0.0103785,5.64376,0.8011714,0.802197,1.106226,1.806592,3.313183,3.316846,3.341584,3.723903,0.0,1.110622,0.6047613,5.21528,5.21126,0.8783874
2025-08-19T12:24:33.102026,0.00543345,0.6792473,0.3464552,0.2839956,6.105e-05,0.0,0.1610285,0.00097593,0.2732604,0.0691182,0.0101343,5.97417,0.8005854,0.8029296,1.10586,1.808057,3.313183,3.315931,3.319313,3.726687,0.0,1.108424,0.6025635,5.20456,5.1925,0.8810737
2025-08-19T12:24:34.135123,0.0052503,0.6890066,0.3454792,0.2810678,0.00018315,0.0,0.1629803,0.00195186,0.2898512,0.0642162,0.0108669,6.42067,0.8011714,0.8025633,1.104394,1.809034,3.313183,3.315931,3.327664,3.745246,0.0,1.104394,0.6036624,5.22064,5.19652,0.8789246
2025-08-19T12:24:35.167229,0.0052503,0.6050766,0.3591422,0.2693567,6.105e-05,0.0,0.1590766,0.00390372,0.2547177,0.0,0.0106227,5.25084,0.8011714,0.8032959,1.107691,1.809034,3.313183,3.315015,3.309105,3.741535,0.0,1.104761,0.6040287,5.20322,5.22332,0.876507
2025-08-19T12:24:36.198396,0.0058608,0.6919344,0.3445033,0.2820438,6.105e-05,0.0,0.1590766,0.00097593,0.2137287,0.0656868,0.0106227,6.65285,0.8011714,0.8014644,1.108058,1.810987,3.313183,3.314099,3.318385,3.741535,0.0,1.107691,0.6032961,5.20456,5.18982,0.8773129
2025-08-19T12:24:37.233765,0.0053724,0.6070285,0.3454792,0.2752123,6.105e-05,0.0,0.1961619,0.00195186,0.1161357,0.0495102,0.0106227,5.18833,0.8005854,0.8010981,1.107691,1.809034,3.312268,3.315015,3.357359,3.722048,0.0,1.109523,0.6032961,5.21394,5.19652,0.8781188
2025-08-19T12:24:38.262907,0.00543345,0.6665602,0.3454792,0.279116,6.105e-05,0.0,0.1629803,0.00097593,0.3035142,0.0813732,0.0103785,6.50997,0.8017574,0.8014644,1.106959,1.809034,3.310436,3.317762,3.307249,3.726687,0.0,1.106592,0.6040287,5.1992,5.1925,0.8789246
2025-08-19T12:24:39.289090,0.0051282,0.6821751,0.3464552,0.2800919,0.00018315,0.0,0.1688359,0.0,0.3054661,0.080883,0.0106227,6.35816,0.8002922,0.8018308,1.109156,1.806592,3.312268,3.316846,3.319313,3.722976,0.0,1.107325,0.6036624,5.22868,5.20054,0.8789246
2025-08-19T12:24:40.317443,0.0051282,0.6860789,0.3464552,0.2869234,0.00018315,0.0,0.1639562,0.00292779,0.306442,0.0764712,0.0108669,6.6082,0.8008783,0.8010981,1.106959,1.806592,3.312268,3.314099,3.307249,3.741535,0.0,1.104394,0.6025635,5.207239,5.1992,0.8778502
2025-08-19T12:24:41.343703,0.00470085,0.6870547,0.348407,0.2781401,6.105e-05,0.0,0.1659081,0.0,0.3357199,0.078432,0.0105006,6.37602,0.8002922,0.8025633,1.104394,1.810987,3.314099,3.315015,3.311889,3.745246,0.0,1.107691,0.604395,5.20322,5.20456,0.8775815
2025-08-19T12:24:42.375724,0.0056166,0.6763194,0.3464552,0.2849716,0.00018315,0.0,0.154197,0.00292779,0.0683151,0.0656868,0.0108669,5.50088,0.8002922,0.8025633,1.107325,1.809034,3.313183,3.315015,3.327664,3.724831,0.0,1.115017,0.6010983,5.21528,5.20992,0.8770444
2025-08-19T12:24:43.407687,0.00506715,0.6470417,0.3454792,0.2830197,0.00018315,0.0,0.1590766,0.00195186,0.3240088,0.0676476,0.0107448,5.50088,0.8014645,0.8029296,1.10586,1.809034,3.313183,3.314099,3.311889,3.748958,0.0,1.113552,0.6021972,5.20322,5.1992,0.8789246
2025-08-19T12:24:44.440450,0.0059829,0.5689672,0.3474311,0.2732604,0.00018315,0.0,0.1659081,0.0,0.2635011,0.0,0.0105006,4.53644,0.8011714,0.8029296,1.108058,1.810987,3.315015,3.315015,3.327664,3.741535,0.0,1.107691,0.6029298,5.20992,5.20456,0.8778502
2025-08-19T12:24:45.471794,0.00494505,0.6860789,0.3464552,0.2849716,0.00018315,0.0,0.1707878,0.00195186,0.2966827,0.07254961,0.0108669,6.6082,0.8011714,0.802197,1.108058,1.808057,3.313183,3.315015,3.318385,3.741535,0.0,1.107691,0.6018309,5.1992,5.19786,0.8789246
2025-08-19T12:24:46.508485,0.0058608,0.655825,0.3454792,0.2830197,6.105e-05,0.0,0.1581007,0.0,0.2849716,0.0622554,0.0106227,6.08133,0.8017574,0.802197,1.106959,1.808545,3.313183,3.315015,3.318385,3.722048,0.0,1.102929,0.6018309,5.20992,5.20456,0.8791933
2025-08-19T12:24:47.534616,0.00482295,0.6733917,0.3464552,0.2761882,0.00018315,0.0,0.1746915,0.00585558,0.1171116,0.0754908,0.0106227,6.20635,0.8002922,0.802197,1.107325,1.810987,3.313183,3.316846,3.357359,3.722976,0.0,1.107325,0.6018309,5.19384,5.22198,0.8778502
2025-08-19T12:24:48.569170,0.004884,0.6763194,0.3581663,0.2810678,0.00018315,0.0,0.1561488,0.00292779,0.2800919,0.0764712,0.0107448,6.34923,0.8017574,0.802197,1.107325,1.807568,3.314099,3.316846,3.327664,3.722976,0.0,1.107325,0.6032961,5.20054,5.20456,0.8791933
2025-08-19T12:24:49.597441,0.00543345,0.6704639,0.3454792,0.2800919,0.00018315,0.0,0.1659081,0.00390372,0.1102801,0.0769614,0.0106227,5.23298,0.8002922,0.8029296,1.106226,1.808057,3.314099,3.315931,3.307249,3.741535,0.0,1.110622,0.6051276,5.1925,5.2126,0.8789246
2025-08-19T12:24:50.730236,0.0051282,0.6792473,0.3454792,0.2800919,0.00018315,0.0,0.1610285,0.00292779,0.2459344,0.0607848,0.0096459,6.518899,0.8011714,0.8032959,1.106592,1.808545,3.312268,3.316846,3.309105,3.727615,0.0,1.100732,0.6032961,5.19652,5.20322,0.876507
2025-08-19T12:24:51.763489,0.0053724,0.6860789,0.3454792,0.2849716,6.105e-05,0.0,0.1561488,0.00195186,0.3181532,0.07745161,0.0101343,6.501039,0.8014645,0.8018308,1.108058,1.809522,3.315015,3.314099,3.331376,3.723903,0.0,1.108424,0.6036624,5.19518,5.1925,0.8791933
2025-08-19T12:24:52.794033,0.0052503,0.5592079,0.3464552,0.2693567,6.105e-05,0.0,0.1600525,0.00292779,0.2683808,0.0,0.0106227,4.3757,0.8011714,0.8018308,1.107691,1.809522,3.313183,3.314099,3.319313,3.733183,0.0,1.10586,0.6025635,5.20054,5.19786,0.8799991
2025-08-19T12:24:53.825782,0.00555555,0.5621357,0.3474311,0.2820438,6.105e-05,0.0,0.1600525,0.00195186,0.320105,0.0681378,0.0106227,5.78664,0.8008783,0.8029296,1.107691,1.808057,3.312268,3.315931,3.319313,3.741535,0.0,1.106959,0.604395,5.1992,5.19786,0.8783874
2025-08-19T12:24:54.855746,0.006105,0.6763194,0.3454792,0.2878993,0.0001221,0.0,0.1610285,0.00390372,0.2849716,0.0779418,0.0107448,6.49211,0.8011714,0.802197,1.105494,1.809034,3.315015,3.314099,3.331376,3.740607,0.0,1.107691,0.6018309,5.20322,5.19786,0.8770444
2025-08-19T12:24:55.882985,0.00506715,0.6880306,0.3445033,0.2810678,6.105e-05,0.0,0.1629803,0.00487965,0.2722845,0.0622554,0.0107448,6.134909,0.8011714,0.8018308,1.106592,1.809034,3.312268,3.315931,3.307249,3.725759,0.0,1.108424,0.6036624,5.2059,5.19786,0.876507
2025-08-19T12:24:56.911790,0.00506715,0.5592079,0.3689016,0.2703326,0.0001221,0.0,0.1639562,0.00390372,0.05172429,0.0,0.0108669,6.09919,0.8011714,0.8025633,1.106959,1.808545,3.314099,3.315931,3.318385,3.740607,0.0,1.104761,0.6029298,5.19786,5.20054,0.8770444
2025-08-19T12:24:57.941110,0.00506715,0.5631116,0.3474311,0.2703326,6.105e-05,0.0,0.1766433,0.00292779,0.03025383,0.0,0.0107448,5.92952,0.8014645,0.8014644,1.107325,1.809034,3.316846,3.314099,3.309105,3.724831,0.0,1.112087,0.6036624,5.20054,5.19786,0.8783874
2025-08-19T12:24:58.972019,0.00518925,0.6860789,0.3464552,0.2830197,6.105e-05,0.0,0.1600525,0.00390372,0.306442,0.0627456,0.0106227,4.48286,0.8011714,0.8018308,1.108424,1.808057,3.313183,3.314099,3.309105,3.723903,0.0,1.108424,0.6003657,5.2059,5.1925,0.880805
2025-08-19T12:25:00.001668,0.00506715,0.6860789,0.3464552,0.2859475,0.00018315,0.0,0.1571247,0.00195186,0.2732604,0.07892221,0.0098901,6.33137,0.8008783,0.802197,1.106592,1.807568,3.310436,3.315015,3.319313,3.722976,0.0,1.10879,0.6032961,5.20054,5.1992,0.8775815
2025-08-19T12:25:01.035709,0.00518925,0.5621357,0.3464552,0.2703326,0.00018315,0.0,0.166884,0.00292779,0.03220569,0.0,0.0103785,4.41142,0.8014645,0.802197,1.106959,1.809034,3.313183,3.315015,3.308177,3.724831,0.0,1.107691,0.6040287,5.20322,5.1992,0.8821481
2025-08-19T12:25:02.071127,0.0051282,0.5631116,0.3464552,0.2703326,0.00018315,0.0,0.1610285,0.00487965,0.208849,0.0,0.0105006,5.22405,0.8017574,0.8029296,1.107691,1.81001,3.313183,3.315015,3.319313,3.722976,0.0,1.110988,0.6084243,5.21394,5.22868,0.8778502
2025-08-19T12:25:03.099875,0.00482295,0.6245952,0.3464552,0.2820438,6.105e-05,0.0,0.1620044,0.00195186,0.2859475,0.0794124,0.0106227,5.75092,0.8008783,0.8018308,1.10586,1.808545,3.313183,3.315931,3.327664,3.741535,0.0,1.107691,0.6029298,5.20188,5.20322,0.8813422
2025-08-19T12:25:04.132074,0.00543345,0.6870547,0.3454792,0.2869234,0.0,0.0,0.16786,0.0,0.2761882,0.0764712,0.0106227,6.34923,0.8011714,0.8018308,1.10879,1.805615,3.312268,3.314099,3.307249,3.741535,0.0,1.106592,0.6018309,5.1992,5.19518,0.876507
2025-08-19T12:25:05.157032,0.00482295,0.5621357,0.3454792,0.2722845,0.00018315,0.0,0.1600525,0.00487965,0.08100219,0.0,0.0107448,4.39356,0.8008783,0.802197,1.106959,1.809522,3.312268,3.314099,3.327664,3.723903,0.0,1.102929,0.6047613,5.22198,5.2126,0.8773129
2025-08-19T12:25:06.189574,0.0052503,0.6743678,0.3464552,0.2781401,6.105e-05,0.0,0.1688359,0.0,0.3035142,0.0730398,0.0101343,4.48286,0.8011714,0.8010981,1.106959,1.804638,3.314099,3.315015,3.319313,3.741535,0.0,1.106592,0.6021972,5.20322,5.20456,0.8783874
2025-08-19T12:25:07.217222,0.0053724,0.6870547,0.3464552,0.2839956,6.105e-05,0.0,0.1649322,0.00292779,0.3044902,0.08921641,0.0106227,6.21528,0.8008783,0.8029296,1.107325,1.809034,3.311352,3.316846,3.329521,3.726687,0.0,1.109156,0.6018309,5.226,5.22332,0.8783874
2025-08-19T12:25:08.245399,0.0051282,0.668512,0.3581663,0.2810678,0.0001221,0.0,0.1629803,0.0,0.3083939,0.0779418,0.0106227,6.25993,0.8011714,0.8018308,1.106959,1.809034,3.312268,3.316846,3.327664,3.740607,0.0,1.106226,0.6051276,5.207239,5.2059,0.876507
2025-08-19T12:25:09.385681,0.00494505,0.5728709,0.3474311,0.2781401,0.00018315,0.0,0.166884,0.00292779,0.2752123,0.080883,0.0106227,6.30458,0.8011714,0.8029296,1.106226,1.809034,3.314099,3.316846,3.319313,3.740607,0.0,1.104028,0.6036624,5.1992,5.19652,0.8781188
2025-08-19T12:25:10.417666,0.00482295,0.5601838,0.3474311,0.2693567,6.105e-05,0.0,0.1620044,0.00292779,0.3191291,0.08627521,0.0108669,5.01866,0.8011714,0.8010981,1.107691,1.809034,3.314099,3.314099,3.313745,3.730399,0.0,1.113918,0.6051276,5.1992,5.21528,0.8781188
2025-08-19T12:25:11.447105,0.0059829,0.6880306,0.3464552,0.2839956,0.0,0.0,0.1629803,0.00487965,0.2878993,0.068628,0.0101343,6.6082,0.8011714,0.8018308,1.107691,1.808545,3.313183,3.315931,3.309105,3.740607,0.0,1.104028,0.6025635,5.1992,5.20322,0.8775815
2025-08-19T12:25:12.476158,0.00482295,0.6236192,0.3464552,0.2752123,6.105e-05,0.0,0.1610285,0.00195186,0.112232,0.0063726,0.0108669,4.67932,0.8002922,0.8025633,1.107691,1.808545,3.313183,3.315015,3.331376,3.740607,0.0,1.106226,0.6029298,5.1992,5.207239,0.8781188
2025-08-19T12:25:13.506453,0.00543345,0.6792473,0.3571904,0.2869234,6.105e-05,0.0,0.1620044,0.0,0.3035142,0.0700986,0.0107448,6.86717,0.8005854,0.802197,1.104394,1.809034,3.312268,3.316846,3.307249,3.741535,0.0,1.107691,0.6036624,5.1992,5.207239,0.8805364
2025-08-19T12:25:14.538807,0.00506715,0.5904376,0.3610941,0.2722845,0.00018315,0.0,0.1639562,0.00292779,0.03122976,0.0,0.0106227,4.52751,0.8011714,0.8018308,1.107691,1.809034,3.314099,3.315015,3.310033,3.786077,0.0,1.108058,0.6062265,5.20322,5.22064,0.8783874
2025-08-19T12:25:15.569541,0.00592185,0.6890066,0.3464552,0.2830197,6.105e-05,0.0,0.1610285,0.00195186,0.2108009,0.07745161,0.010989,6.67071,0.8002922,0.8010981,1.106226,1.808057,3.314099,3.315931,3.319313,3.724831,0.0,1.113552,0.6029298,5.20992,5.20322,0.8799991
2025-08-19T12:25:16.599127,0.0058608,0.6821751,0.3474311,0.2800919,0.00018315,0.0,0.1629803,0.00195186,0.3122976,0.07892221,0.0107448,6.501039,0.8011714,0.8018308,1.107691,1.809034,3.313183,3.316846,3.329521,3.745246,0.0,1.110622,0.6047613,5.19786,5.20322,0.8799991
2025-08-19T12:25:17.634459,0.0053724,0.6860789,0.3454792,0.2830197,6.105e-05,0.0,0.1590766,0.00390372,0.2908272,0.07892221,0.0101343,6.3403,0.8011714,0.8029296,1.10586,1.809034,3.314099,3.315015,3.357359,3.741535,0.0,1.105127,0.6003657,5.19786,5.1858,0.8781188
2025-08-19T12:25:18.664798,0.00482295,0.6070285,0.3445033,0.2800919,6.105e-05,0.0,0.1688359,0.00195186,0.2732604,0.0333336,0.0105006,6.54569,0.8002922,0.8029296,1.108058,1.809034,3.313183,3.316846,3.311889,3.730399,0.0,1.105127,0.6047613,5.19786,5.19786,0.8783874
2025-08-19T12:25:19.793306,0.0052503,0.612884,0.3454792,0.2800919,0.00018315,0.0,0.1766433,0.00195186,0.1171116,0.0063726,0.0108669,5.25084,0.8011714,0.8018308,1.108424,1.809034,3.314099,3.315931,3.319313,3.724831,0.0,1.109889,0.6029298,5.20054,5.19384,0.8791933
2025-08-19T12:25:20.827284,0.00506715,0.5611597,0.3464552,0.2713085,0.00018315,0.0,0.1571247,0.0,0.03415755,0.0,0.0106227,4.40249,0.8011714,0.8025633,1.10879,1.808057,3.314099,3.315931,3.319313,3.726687,0.0,1.106959,0.6010983,5.2126,5.20992,0.8781188
2025-08-19T12:25:21.855070,0.0058608,0.5757987,0.3464552,0.2878993,6.105e-05,0.0,0.1610285,0.00097593,0.03025383,0.0,0.0106227,4.49179,0.8008783,0.8018308,1.106959,1.806592,3.313183,3.315931,3.355503,3.724831,0.0,1.106959,0.604395,5.19652,5.19652,0.8762386
2025-08-19T12:25:22.890634,0.00531135,0.6841269,0.3454792,0.2820438,0.0,0.0,0.1688359,0.00195186,0.2800919,0.0794124,0.010989,6.28672,0.8017574,0.8018308,1.108058,1.805615,3.314099,3.315015,3.307249,3.734111,0.0,1.107691,0.6036624,5.20456,5.20188,0.8791933
2025-08-19T12:25:23.916601,0.0058608,0.5621357,0.3454792,0.2703326,0.0,0.0,0.1581007,0.00195186,0.03220569,0.0,0.0112332,4.40249,0.8008783,0.8018308,1.106959,1.80708,3.314099,3.314099,3.319313,3.729471,0.0,1.104028,0.6065928,5.1925,5.1992,0.8781188
2025-08-19T12:25:24.944584,0.00470085,0.5836061,0.3474311,0.2781401,0.00018315,0.0,0.1610285,0.00390372,0.08880963,0.0058824,0.0105006,5.37586,0.8002922,0.8025633,1.106226,1.806592,3.313183,3.315015,3.327664,3.748958,0.0,1.105127,0.604395,5.20322,5.1925,0.8759698
2025-08-19T12:25:25.979043,0.0053724,0.5611597,0.3464552,0.2703326,0.00018315,0.0,0.1581007,0.00097593,0.03220569,0.0,0.0101343,4.41142,0.8008783,0.8010981,1.104394,1.808057,3.314099,3.315931,3.311889,3.723903,0.0,1.113552,0.6032961,5.1992,5.1992,0.8824167
2025-08-19T12:25:27.011684,0.00518925,0.5631116,0.3464552,0.2888753,6.105e-05,0.0,0.1610285,0.00292779,0.03415755,0.0,0.0107448,4.31319,0.8005854,0.8010981,1.106959,1.809522,3.312268,3.314099,3.313745,3.725759,0.0,1.10879,0.6025635,5.2059,5.20054,0.8783874
2025-08-19T12:25:28.044751,0.00518925,0.6811991,0.3571904,0.2781401,6.105e-05,0.0,0.1610285,0.00292779,0.3113217,0.075981,0.010989,6.39388,0.8011714,0.8010981,1.107325,1.809522,3.313183,3.316846,3.329521,3.725759,0.0,1.109156,0.6036624,5.21394,5.20054,0.8810737
2025-08-19T12:25:29.073124,0.00518925,0.6792473,0.3591422,0.2800919,0.00018315,0.0,0.1581007,0.00292779,0.2947309,0.0764712,0.0107448,6.09919,0.8011714,0.8025633,1.107691,1.808545,3.315015,3.315931,3.327664,3.722976,0.0,1.106592,0.6032961,5.19518,5.19384,0.8773129
2025-08-19T12:25:30.100964,0.0051282,0.5826302,0.3581663,0.2742363,6.105e-05,0.0,0.1610285,0.00195186,0.1034486,0.0,0.0103785,3.78632,0.8011714,0.8018308,1.104394,1.806592,3.311352,3.315931,3.307249,3.724831,0.0,1.10586,0.6051276,5.2126,5.21126,0.876507
2025-08-19T12:25:31.138823,0.0052503,0.6841269,0.3454792,0.2908272,0.00018315,0.0001221,0.1610285,0.00487965,0.2693567,0.071079,0.0107448,7.04577,0.8008783,0.802197,1.106959,1.805615,3.312268,3.315931,3.319313,3.748958,0.0,1.108424,0.6018309,5.22332,5.2126,0.8770444
2025-08-19T12:25:32.168624,0.00531135,0.6880306,0.3464552,0.2693567,6.105e-05,0.0,0.1727396,0.00195186,0.08588185,0.0102942,0.0103785,6.36709,0.8011714,0.8007318,1.107691,1.806592,3.312268,3.315931,3.312817,3.726687,0.0,1.105494,0.6036624,5.20054,5.20858,0.8783874
2025-08-19T12:25:33.198495,0.0047619,0.6880306,0.3464552,0.2732604,6.105e-05,0.0,0.1766433,0.00195186,0.2859475,0.0573534,0.0108669,6.3403,0.8011714,0.8029296,1.10586,1.805615,3.314099,3.316846,3.327664,3.733183,0.0,1.104394,0.6036624,5.19786,5.20322,0.8789246
2025-08-19T12:25:34.230406,0.00482295,0.5611597,0.3454792,0.2849716,0.00018315,0.0,0.1629803,0.00292779,0.2957068,0.0848046,0.0105006,4.39356,0.8008783,0.802197,1.108424,1.809034,3.313183,3.314099,3.309105,3.740607,0.0,1.113552,0.6021972,5.2059,5.1992,0.876507
2025-08-19T12:25:35.260650,0.0056166,0.6782714,0.3464552,0.2830197,6.105e-05,0.0,0.1610285,0.00487965,0.2595974,0.061275,0.0106227,6.34923,0.8011714,0.8025633,1.106226,1.808545,3.315015,3.315015,3.322097,3.724831,0.0,1.104394,0.6036624,5.20054,5.18714,0.8799991
2025-08-19T12:25:36.289933,0.0047619,0.6919344,0.3464552,0.2839956,0.00018315,0.0,0.1629803,0.00097593,0.2800919,0.0769614,0.0106227,6.54569,0.8008783,0.8029296,1.106226,1.806592,3.315015,3.315015,3.307249,3.748958,0.0,1.105127,0.6036624,5.20054,5.19786,0.8799991
2025-08-19T12:25:37.320044,0.0052503,0.6792473,0.348407,0.2771641,0.00018315,0.0,0.1795711,0.00195186,0.06636324,0.0107844,0.0108669,6.501039,0.8017574,0.8018308,1.106959,1.809034,3.315015,3.315015,3.310033,3.722048,0.0,1.113552,0.6065928,5.20188,5.1992,0.8783874
2025-08-19T12:25:38.347908,0.00531135,0.683151,0.3445033,0.279116,6.105e-05,0.0,0.1600525,0.00292779,0.2898512,0.0720594,0.0105006,6.45639,0.8011714,0.802197,1.106959,1.808057,3.313183,3.315015,3.319313,3.741535,0.0,1.108058,0.6025635,5.1992,5.19518,0.876507
2025-08-19T12:25:39.377009,0.0054945,0.5592079,0.3464552,0.279116,0.00018315,0.0,0.1590766,0.00097593,0.320105,0.0573534,0.0103785,4.52751,0.8008783,0.8025633,1.106592,1.808057,3.315015,3.315015,3.295186,3.741535,0.0,1.104028,0.6036624,5.20322,5.19786,0.876507
2025-08-19T12:25:40.404215,0.00506715,0.6880306,0.3474311,0.2800919,6.105e-05,0.0,0.1590766,0.00097593,0.2976587,0.0769614,0.0112332,6.25993,0.8014645,0.8018308,1.104394,1.80708,3.314099,3.314099,3.307249,3.727615,0.0,1.107691,0.6051276,5.2059,5.1992,0.8743581
2025-08-19T12:25:41.433624,0.00506715,0.6060525,0.3474311,0.2713085,6.105e-05,0.0,0.1717637,0.00487965,0.03220569,0.0,0.0105006,5.09903,0.8011714,0.8010981,1.10586,1.808545,3.313183,3.315931,3.313745,3.727615,0.0,1.105494,0.6036624,5.19786,5.19786,0.8789246
2025-08-19T12:25:42.461261,0.00506715,0.5748228,0.3474311,0.2771641,6.105e-05,0.0,0.1688359,0.00097593,0.1161357,0.0,0.0107448,4.69718,0.8011714,0.8036622,1.106959,1.806592,3.314099,3.316846,3.307249,3.722048,0.0,1.108424,0.6040287,5.22332,5.18714,0.8773129
2025-08-19T12:25:43.492662,0.0050061,0.6792473,0.3581663,0.2820438,6.105e-05,0.0,0.1600525,0.00292779,0.2957068,0.0647064,0.0107448,6.50997,0.8008783,0.8018308,1.106592,1.808545,3.315015,3.316846,3.327664,3.741535,0.0,1.10586,0.6047613,5.207239,5.19384,0.8799991
2025-08-19T12:25:44.521613,0.0053724,0.558232,0.3445033,0.2703326,6.105e-05,0.0,0.1590766,0.00097593,0.04782057,0.0,0.0107448,4.3757,0.8008783,0.802197,1.106592,1.809034,3.313183,3.315015,3.311889,3.726687,0.0,1.110622,0.6040287,5.19652,5.20858,0.8789246
2025-08-19T12:25:45.550795,0.0047619,0.6792473,0.3464552,0.279116,0.00018315,0.0,0.1610285,0.00195186,0.2713085,0.0794124,0.0106227,6.27779,0.8011714,0.8018308,1.106226,1.806592,3.313183,3.314099,3.310961,3.722048,0.0,1.113552,0.6032961,5.20322,5.1992,0.8810737
2025-08-19T12:25:46.582020,0.0056166,0.5592079,0.3581663,0.2683808,6.105e-05,0.0,0.1610285,0.00097593,0.04001313,0.0607848,0.0105006,4.35784,0.8008783,0.8043948,1.106959,1.809522,3.314099,3.315015,3.309105,3.724831,0.0,1.11172,0.6025635,5.20322,5.19652,0.8775815
2025-08-19T12:25:47.611446,0.0058608,0.5611597,0.3454792,0.2683808,6.105e-05,0.0,0.1561488,0.00292779,0.03318162,0.0,0.0107448,4.94722,0.8011714,0.8025633,1.108424,1.806592,3.314099,3.314099,3.309105,3.723903,0.0,1.104394,0.6025635,5.19786,5.21126,0.8743581
2025-08-19T12:25:48.645205,0.0053724,0.5640876,0.3562145,0.2830197,6.105e-05,0.0,0.1581007,0.0,0.2752123,0.0750006,0.0107448,4.76862,0.8008783,0.8018308,1.107325,1.809034,3.313183,3.316846,3.357359,3.740607,0.0,1.107691,0.6036624,5.171059,5.1992,0.8797306
2025-08-19T12:25:49.673984,0.00482295,0.5650635,0.3454792,0.2732604,0.00018315,0.0,0.1610285,0.00292779,0.1054004,0.0029412,0.0108669,5.41158,0.8008783,0.8018308,1.108058,1.809034,3.314099,3.314099,3.309105,3.722048,0.0,1.109523,0.6051276,5.20992,5.2126,0.8810737
2025-08-19T12:25:50.806360,0.00482295,0.6714398,0.3669497,0.279116,6.105e-05,0.0,0.1610285,0.00195186,0.3025383,0.0794124,0.0117216,6.59927,0.8005854,0.8014644,1.106226,1.808057,3.313183,3.314099,3.327664,3.745246,0.0,1.104394,0.6040287,5.20992,5.20188,0.8799991
2025-08-19T12:25:51.835865,0.00506715,0.6880306,0.3445033,0.2683808,6.105e-05,0.0,0.1698118,0.00390372,0.0683151,0.0,0.0106227,4.3757,0.8011714,0.8025633,1.108058,1.80708,3.314099,3.315931,3.310033,3.724831,0.0,1.107691,0.6029298,5.20858,5.20456,0.8799991
2025-08-19T12:25:52.867912,0.00482295,0.6743678,0.3454792,0.2849716,6.105e-05,0.0,0.1629803,0.00195186,0.264477,0.0,0.0107448,4.47393,0.8002922,0.8010981,1.106959,1.809034,3.314099,3.315015,3.310961,3.723903,0.0,1.113552,0.6036624,5.20322,5.19384,0.8810737
2025-08-19T12:25:53.897387,0.0050061,0.6851029,0.3689016,0.2800919,0.00018315,0.0,0.1600525,0.0,0.2566696,0.075981,0.0107448,5.95631,0.8011714,0.8010981,1.108058,1.809034,3.313183,3.315015,3.313745,3.724831,0.0,1.10879,0.6047613,5.1992,5.22064,0.8783874
2025-08-19T12:25:54.923099,0.0058608,0.668512,0.3474311,0.2839956,6.105e-05,0.0,0.1610285,0.00292779,0.2635011,0.075981,0.0106227,6.09919,0.8002922,0.802197,1.106592,1.809522,3.315015,3.315931,3.329521,3.724831,0.0,1.113552,0.6029298,5.1992,5.1925,0.8781188
2025-08-19T12:25:55.960279,0.00506715,0.5670154,0.3464552,0.2722845,0.00018315,0.0,0.1571247,0.00292779,0.3132735,0.0,0.0105006,6.04561,0.8011714,0.8014644,1.10586,1.809034,3.312268,3.314099,3.355503,3.722976,0.0,1.110988,0.6025635,5.19786,5.2059,0.8794619
2025-08-19T12:25:56.989357,0.00518925,0.6870547,0.348407,0.2849716,0.00018315,0.0,0.1581007,0.00292779,0.2176324,0.0872556,0.0106227,6.518899,0.8011714,0.8029296,1.107691,1.81001,3.312268,3.315931,3.311889,3.75267,0.0,1.107691,0.6025635,5.1925,5.1992,0.8778502
2025-08-19T12:25:58.018780,0.00567765,0.6763194,0.3454792,0.2771641,0.00018315,0.0,0.2156806,0.00195186,0.1239431,0.0,0.0107448,5.60804,0.8011714,0.8018308,1.105127,1.809522,3.312268,3.314099,3.309105,3.724831,0.0,1.105127,0.6065928,5.2126,5.19518,0.8786561
2025-08-19T12:25:59.050475,0.00506715,0.6841269,0.3454792,0.2830197,0.00018315,0.0,0.1571247,0.00195186,0.2878993,0.07254961,0.0108669,6.483179,0.8011714,0.8014644,1.107691,1.809034,3.313183,3.315015,3.309105,3.724831,0.0,1.107691,0.6032961,5.19786,5.19384,0.8775815
2025-08-19T12:26:00.076962,0.0051282,0.654849,0.3454792,0.2800919,6.105e-05,0.0,0.2049453,0.0,0.1776193,0.0137256,0.0108669,5.22405,0.8008783,0.8025633,1.108058,1.808545,3.314099,3.315015,3.307249,3.72112,0.0,1.107325,0.6036624,5.21528,5.20992,0.8789246
2025-08-19T12:26:01.103098,0.0047619,0.558232,0.3445033,0.2674048,0.00018315,0.0,0.1610285,0.00292779,0.0292779,0.0,0.0108669,4.39356,0.8017574,0.8014644,1.108058,1.808545,3.314099,3.314099,3.319313,3.729471,0.0,1.108058,0.6040287,5.2059,5.20188,0.8786561
2025-08-19T12:26:02.138233,0.0058608,0.6821751,0.3454792,0.2859475,0.00018315,0.0,0.1581007,0.00195186,0.3005864,0.078432,0.0105006,6.35816,0.8017574,0.7996329,1.107691,1.808545,3.314099,3.314099,3.327664,3.726687,0.0,1.110622,0.6058602,5.20992,5.207239,0.8821481
2025-08-19T12:26:03.169529,0.0052503,0.6802233,0.3464552,0.2859475,6.105e-05,0.0,0.1629803,0.00195186,0.2869234,0.06715741,0.0107448,6.643919,0.8017574,0.802197,1.104394,1.808545,3.312268,3.315931,3.309105,3.748958,0.0,1.104028,0.6018309,5.207239,5.1992,0.8789246
2025-08-19T12:26:04.201754,0.00506715,0.6821751,0.3445033,0.2800919,0.00018315,0.0,0.1639562,0.00195186,0.3152254,0.0720594,0.0105006,6.57248,0.8008783,0.8025633,1.107325,1.808057,3.313183,3.315015,3.327664,3.722976,0.0,1.105494,0.6036624,5.19786,5.19652,0.8818795
2025-08-19T12:26:05.232961,0.0053724,0.6714398,0.3464552,0.2878993,6.105e-05,0.0,0.166884,0.00390372,0.2937549,0.071079,0.0105006,6.32244,0.8011714,0.8018308,1.107325,1.809522,3.313183,3.314099,3.309105,3.741535,0.0,1.113552,0.6025635,5.19518,5.1992,0.8799991
2025-08-19T12:26:06.265596,0.00531135,0.6880306,0.3445033,0.2859475,0.00018315,0.0,0.1746915,0.00292779,0.2908272,0.0602946,0.0107448,6.37602,0.8011714,0.8025633,1.104394,1.808545,3.314099,3.315931,3.309105,3.741535,0.0,1.106959,0.6029298,5.2059,5.19786,0.8791933
2025-08-19T12:26:07.295587,0.0053724,0.5611597,0.3464552,0.2742363,6.105e-05,0.0,0.1600525,0.00097593,0.0390372,0.0750006,0.0105006,4.77755,0.8014645,0.8014644,1.107691,1.809034,3.314099,3.314099,3.319313,3.745246,0.0,1.112453,0.6018309,5.2126,5.21528,0.8778502
2025-08-19T12:26:08.326128,0.0053724,0.6880306,0.348407,0.2781401,0.00018315,0.0,0.1600525,0.00585558,0.3181532,0.0607848,0.0107448,6.29565,0.8008783,0.8018308,1.108424,1.80708,3.313183,3.315015,3.311889,3.745246,0.0,1.113552,0.6076917,5.18982,5.21394,0.8783874
2025-08-19T12:26:09.359382,0.00543345,0.6870547,0.3454792,0.2800919,6.105e-05,0.0,0.1629803,0.0,0.3054661,0.0029412,0.0112332,6.36709,0.8005854,0.8014644,1.106959,1.809522,3.312268,3.314099,3.327664,3.724831,0.0,1.108058,0.6040287,5.19786,5.19384,0.876507
2025-08-19T12:26:10.386354,0.0052503,0.6860789,0.3464552,0.2820438,6.105e-05,0.0,0.1834748,0.00292779,0.3279125,0.0750006,0.0105006,6.47425,0.8008783,0.8014644,1.106959,1.809034,3.315015,3.315015,3.319313,3.729471,0.0,1.109889,0.6047613,5.226,5.2193,0.8783874
2025-08-19T12:26:11.413088,0.00482295,0.6733917,0.3591422,0.2849716,0.00018315,0.0,0.1620044,0.00390372,0.3113217,0.0769614,0.0107448,6.32244,0.8002922,0.8029296,1.106592,1.808057,3.312268,3.316846,3.307249,3.725759,0.0,1.107691,0.6040287,5.20188,5.1992,0.8783874
2025-08-19T12:26:12.443936,0.0056166,0.571895,0.3464552,0.2752123,0.00018315,0.0,0.1571247,0.00292779,0.1473654,0.0029412,0.0112332,4.53644,0.8011714,0.8025633,1.104394,1.810987,3.314099,3.314099,3.311889,3.727615,0.0,1.113552,0.6065928,5.22198,5.2126,0.8786561
2025-08-19T12:26:13.471905,0.0059829,0.5631116,0.3474311,0.2703326,6.105e-05,0.0,0.1600525,0.0,0.0390372,0.0,0.010989,4.39356,0.8008783,0.8029296,1.106226,1.808545,3.312268,3.315015,3.308177,3.72112,0.0,1.104394,0.604395,5.1925,5.20188,0.8786561
2025-08-19T12:26:14.504831,0.0053724,0.6860789,0.3591422,0.2732604,0.00018315,0.0,0.1571247,0.00097593,0.1785952,0.0769614,0.0106227,6.56355,0.8017574,0.8025633,1.106959,1.810987,3.312268,3.315015,3.319313,3.727615,0.0,1.108058,0.6032961,5.20054,5.20456,0.8810737
2025-08-19T12:26:15.538646,0.00494505,0.5631116,0.3698775,0.2703326,6.105e-05,0.0,0.1600525,0.00292779,0.03513348,0.0,0.0106227,4.33998,0.8017574,0.8018308,1.107691,1.809522,3.314099,3.315015,3.328592,3.724831,0.0,1.106592,0.6032961,5.20992,5.19786,0.8775815
2025-08-19T12:26:16.567987,0.0053724,0.6743678,0.3601182,0.2810678,6.105e-05,0.0,0.1629803,0.00195186,0.2342232,0.0720594,0.0103785,6.33137,0.8002922,0.7996329,1.106959,1.809034,3.312268,3.314099,3.311889,3.722976,0.0,1.108424,0.6054939,5.1992,5.20992,0.8789246
2025-08-19T12:26:17.597608,0.0052503,0.6792473,0.3445033,0.2830197,0.00018315,0.0,0.1639562,0.00292779,0.208849,0.0730398,0.0106227,6.06347,0.8011714,0.8018308,1.106226,1.810987,3.312268,3.314099,3.318385,3.723903,0.0,1.106959,0.6036624,5.1925,5.20456,0.8770444
2025-08-19T12:26:18.627273,0.00518925,0.5631116,0.3454792,0.2810678,0.00018315,0.0,0.1629803,0.00292779,0.3103457,0.0529416,0.0106227,4.43821,0.8011714,0.802197,1.106959,1.809522,3.315015,3.315015,3.309105,3.722048,0.0,1.105127,0.6029298,5.19652,5.18982,0.8791933
2025-08-19T12:26:19.654414,0.0052503,0.5601838,0.3445033,0.2898512,0.00018315,0.0,0.1581007,0.00292779,0.2957068,0.068628,0.0107448,6.152769,0.8011714,0.802197,1.106959,1.809522,3.314099,3.314099,3.307249,3.724831,0.0,1.10879,0.600732,5.1992,5.2126,0.8778502
2025-08-19T12:26:20.691117,0.0053724,0.6753436,0.3435274,0.2800919,6.105e-05,0.0,0.1649322,0.00195186,0.2898512,0.063726,0.0107448,6.06347,0.8017574,0.8018308,1.106959,1.808545,3.314099,3.315931,3.307249,3.740607,0.0,1.106226,0.6036624,5.19786,5.1992,0.8794619
2025-08-19T12:26:21.721688,0.00543345,0.6216674,0.3454792,0.2830197,6.105e-05,0.0,0.1590766,0.00292779,0.3122976,0.0754908,0.0107448,4.43821,0.8011714,0.8025633,1.10879,1.806592,3.314099,3.314099,3.307249,3.740607,0.0,1.10586,0.6047613,5.20322,5.20858,0.8759698
2025-08-19T12:26:22.753069,0.00506715,0.6782714,0.348407,0.2888753,6.105e-05,0.0,0.1610285,0.00097593,0.3035142,0.0656868,0.0106227,6.41174,0.8011714,0.8032959,1.108058,1.81001,3.312268,3.315015,3.319313,3.740607,0.0,1.110622,0.6051276,5.207239,5.20188,0.876507
2025-08-19T12:26:23.783529,0.00518925,0.6929103,0.3445033,0.2937549,6.105e-05,0.0,0.153221,0.00195186,0.3025383,0.0843144,0.010989,6.04561,0.8014645,0.802197,1.108058,1.808545,3.312268,3.314099,3.316529,3.72112,0.0,1.106592,0.6003657,5.20858,5.20054,0.8775815
2025-08-19T12:26:24.913324,0.00482295,0.6811991,0.3464552,0.2859475,0.00018315,0.0,0.1600525,0.00195186,0.2820438,0.0843144,0.0106227,6.34923,0.8002922,0.802197,1.10586,1.808545,3.312268,3.314099,3.307249,3.725759,0.0,1.106959,0.6021972,5.20054,5.19652,0.8791933
2025-08-19T12:26:25.946932,0.0058608,0.558232,0.3464552,0.2800919,0.00018315,0.0,0.1581007,0.00292779,0.1473654,0.075981,0.0107448,4.38463,0.8005854,0.8018308,1.107325,1.806592,3.313183,3.315931,3.307249,3.722976,0.0,1.10879,0.6018309,5.20188,5.20322,0.8762386
2025-08-19T12:26:26.976764,0.0054945,0.683151,0.3464552,0.279116,6.105e-05,0.0,0.1600525,0.00292779,0.2888753,0.0750006,0.0103785,6.50997,0.8008783,0.8018308,1.107691,1.806592,3.314099,3.314099,3.311889,3.740607,0.0,1.104394,0.604395,5.22064,5.19786,0.8775815
2025-08-19T12:26:28.006838,0.00482295,0.6177637,0.3454792,0.2859475,6.105e-05,0.0,0.1629803,0.0,0.1268709,0.0068628,0.0106227,4.75969,0.8017574,0.8029296,1.107325,1.808057,3.314099,3.314099,3.310033,3.722048,0.0,1.110622,0.6036624,5.21394,5.1992,0.8802678
2025-08-19T12:26:29.046139,0.00543345,0.6851029,0.3454792,0.2830197,6.105e-05,0.0,0.166884,0.00292779,0.3162013,0.0720594,0.0106227,6.501039,0.8011714,0.802197,1.104394,1.808545,3.314099,3.315931,3.309105,3.731327,0.0,1.101464,0.604395,5.20188,5.20054,0.8783874
2025-08-19T12:26:30.073402,0.00482295,0.5953173,0.3464552,0.2713085,0.00018315,0.0,0.1629803,0.00195186,0.04001313,0.0,0.0107448,5.92952,0.8002922,0.8010981,1.107691,1.808057,3.314099,3.314099,3.308177,3.724831,0.0,1.103662,0.6032961,5.20456,5.21796,0.8781188
2025-08-19T12:26:31.106838,0.0053724,0.683151,0.3445033,0.2839956,6.105e-05,0.0,0.1590766,0.00097593,0.3025383,0.0622554,0.0107448,6.55462,0.8017574,0.8018308,1.106592,1.808545,3.314099,3.315931,3.309105,3.722976,0.0,1.113918,0.6032961,5.21394,5.19786,0.8791933
2025-08-19T12:26:32.138528,0.0056166,0.6880306,0.3474311,0.2810678,0.0,0.0,0.1600525,0.00292779,0.3054661,0.06323581,0.0107448,6.29565,0.8008783,0.8029296,1.107325,1.809034,3.315015,3.315931,3.325809,3.724831,0.0,1.108424,0.604395,5.1992,5.1992,0.8775815
2025-08-19T12:26:33.169787,0.00470085,0.6870547,0.3464552,0.2693567,6.105e-05,0.0,0.2586215,0.00292779,0.03318162,0.0,0.0107448,4.39356,0.8011714,0.8018308,1.106959,1.808545,3.313183,3.316846,3.327664,3.733183,0.0,1.104394,0.6032961,5.1992,5.19116,0.8759698
2025-08-19T12:26:34.218930,0.0047619,0.6880306,0.3454792,0.2781401,6.105e-05,0.0,0.1785952,0.00390372,0.2918031,0.0794124,0.0107448,6.24207,0.8011714,0.8010981,1.106959,1.809034,3.312268,3.314099,3.329521,3.729471,0.0,1.106592,0.6065928,5.1992,5.1925,0.8783874
2025-08-19T12:26:35.253068,0.0053724,0.5592079,0.3454792,0.2703326,6.105e-05,0.0,0.1581007,0.00292779,0.03025383,0.0,0.0107448,4.33998,0.8017574,0.802197,1.106226,1.808545,3.315015,3.315015,3.307249,3.724831,0.0,1.110622,0.6029298,5.19786,5.20322,0.8773129
2025-08-19T12:26:36.281583,0.0053724,0.6704639,0.3464552,0.2820438,6.105e-05,0.0,0.1610285,0.00390372,0.2732604,0.08382421,0.0105006,6.09919,0.8011714,0.8018308,1.106959,1.809522,3.313183,3.315015,3.302609,3.741535,0.0,1.106592,0.6036624,5.19786,5.1925,0.8786561
2025-08-19T12:26:37.310972,0.00506715,0.668512,0.348407,0.2859475,0.00018315,0.0,0.1629803,0.00292779,0.306442,0.0754908,0.0106227,6.24207,0.8008783,0.802197,1.106226,1.81001,3.314099,3.315931,3.307249,3.733183,0.0,1.110622,0.6032961,5.1992,5.19786,0.8810737
2025-08-19T12:26:38.338664,0.0058608,0.6636324,0.3464552,0.2869234,0.00018315,0.0,0.1707878,0.0,0.3035142,0.0803928,0.0112332,5.84915,0.8008783,0.8010981,1.104394,1.808057,3.313183,3.315015,3.319313,3.724831,0.0,1.104761,0.6025635,5.20322,5.1925,0.8781188
2025-08-19T12:26:39.471624,0.00494505,0.6870547,0.3454792,0.279116,0.00018315,0.0,0.1600525,0.00195186,0.2713085,0.0647064,0.0107448,6.71536,0.8017574,0.8025633,1.104394,1.808545,3.315015,3.315015,3.309105,3.748958,0.0,1.109156,0.6040287,5.20054,5.18714,0.8778502
2025-08-19T12:26:40.499709,0.0052503,0.6860789,0.3464552,0.2800919,0.00018315,0.0,0.1639562,0.00195186,0.3269365,0.075981,0.0106227,6.40281,0.8002922,0.802197,1.106226,1.809034,3.312268,3.315931,3.312817,3.741535,0.0,1.104761,0.6040287,5.22332,5.21528,0.8778502
2025-08-19T12:26:41.532899,0.0058608,0.6646084,0.3464552,0.2839956,0.00018315,0.0,0.1659081,0.00097593,0.3035142,0.080883,0.0108669,6.49211,0.8011714,0.8029296,1.107691,1.808545,3.313183,3.315015,3.313745,3.724831,0.0,1.105127,0.6040287,5.21126,5.20992,0.876507
2025-08-19T12:26:42.562907,0.00482295,0.6811991,0.3571904,0.2800919,0.00018315,0.0,0.1639562,0.00195186,0.3054661,0.0745104,0.0107448,6.483179,0.8008783,0.8025633,1.106959,1.806592,3.315015,3.315015,3.357359,3.756382,0.0,1.104394,0.6051276,5.20858,5.1925,0.876507
2025-08-19T12:26:43.592160,0.0050061,0.5592079,0.3464552,0.2800919,0.00018315,6.105e-05,0.1600525,0.00195186,0.2976587,0.0,0.0107448,4.35784,0.8011714,0.802197,1.107691,1.806592,3.313183,3.314099,3.328592,3.741535,0.0,1.102929,0.600732,5.22064,5.22064,0.8783874
2025-08-19T12:26:44.617632,0.0051282,0.6226434,0.3435274,0.2781401,0.00018315,0.0,0.1581007,0.00195186,0.2098249,0.0431376,0.0107448,5.43837,0.8008783,0.8014644,1.107691,1.808057,3.315015,3.315015,3.309105,3.722976,0.0,1.107325,0.6018309,5.22466,5.20992,0.8786561
2025-08-19T12:26:45.654313,0.0056166,0.6880306,0.3454792,0.2810678,6.105e-05,0.0,0.1620044,0.00097593,0.3044902,0.06323581,0.010989,6.52783,0.8008783,0.8018308,1.10586,1.81001,3.314099,3.316846,3.355503,3.722048,0.0,1.107691,0.6051276,5.19652,5.19116,0.8759698
2025-08-19T12:26:46.682564,0.0051282,0.5904376,0.3474311,0.279116,6.105e-05,0.0,0.1698118,0.00292779,0.04782057,0.0,0.0106227,5.36693,0.8011714,0.8018308,1.107691,1.809522,3.314099,3.315931,3.357359,3.723903,0.0,1.113552,0.6025635,5.22332,5.20054,0.8810737
2025-08-19T12:26:47.711045,0.00518925,0.6880306,0.3445033,0.2771641,0.00018315,0.0,0.1581007,0.00195186,0.08685777,0.056373,0.010989,4.81327,0.8002922,0.8025633,1.106592,1.809034,3.313183,3.314099,3.309105,3.722976,0.0,1.107325,0.6040287,5.19786,5.20456,0.8789246
2025-08-19T12:26:48.743541,0.0059829,0.6851029,0.3454792,0.2849716,6.105e-05,0.0,0.1629803,0.0,0.3103457,0.0750006,0.0103785,6.40281,0.8011714,0.8018308,1.106959,1.81001,3.315015,3.315015,3.313745,3.725759,0.0,1.104028,0.6032961,5.20322,5.19786,0.8786561
2025-08-19T12:26:49.771412,0.00482295,0.5777506,0.3474311,0.2722845,6.105e-05,0.0,0.166884,0.0,0.08392998,0.0,0.0108669,5.5366,0.8011714,0.802197,1.107325,1.808057,3.314099,3.314099,3.319313,3.740607,0.0,1.107325,0.6032961,5.21528,5.20456,0.8794619
2025-08-19T12:26:50.805401,0.00506715,0.6714398,0.3454792,0.2810678,6.105e-05,0.0,0.1610285,0.00487965,0.3083939,0.08382421,0.0107448,6.49211,0.8011714,0.8032959,1.106959,1.808057,3.312268,3.316846,3.318385,3.748958,0.0,1.113552,0.6029298,5.207239,5.1992,0.8778502
2025-08-19T12:26:51.836235,0.004884,0.6860789,0.3445033,0.2869234,0.0002442,0.0001221,0.16786,0.00097593,0.3083939,0.0843144,0.0107448,6.21528,0.8017574,0.802197,1.107691,1.809034,3.310436,3.315015,3.309105,3.724831,0.0,1.107691,0.6014646,5.207239,5.20992,0.8810737
2025-08-19T12:26:52.865294,0.0058608,0.668512,0.3513348,0.2839956,0.0002442,0.0,0.1590766,0.00390372,0.321081,0.075981,0.0112332,6.08133,0.8017574,0.8018308,1.107325,1.808057,3.313183,3.316846,3.319313,3.730399,0.0,1.104394,0.6029298,5.20992,5.19786,0.8783874
2025-08-19T12:26:53.893204,0.0052503,0.6841269,0.3464552,0.2800919,0.00018315,0.0,0.1629803,0.00292779,0.2810678,0.0769614,0.0106227,6.21528,0.8014645,0.8025633,1.106226,1.808545,3.312268,3.315015,3.329521,3.75267,0.0,1.106226,0.6076917,5.22332,5.19652,0.8778502
2025-08-19T12:26:54.923189,0.00506715,0.6860789,0.3464552,0.2849716,6.105e-05,0.0,0.1737155,0.00097593,0.2839956,0.0764712,0.0111111,6.21528,0.8017574,0.8014644,1.108058,1.809034,3.315015,3.315015,3.308177,3.722976,0.0,1.104394,0.6047613,5.22198,5.19652,0.8810737
2025-08-19T12:26:55.966844,0.00494505,0.6851029,0.3474311,0.2752123,6.105e-05,0.0,0.1610285,0.00292779,0.0292779,0.0,0.010989,4.29533,0.8011714,0.8029296,1.106959,1.809034,3.314099,3.316846,3.329521,3.718336,0.0,1.10586,0.6036624,5.1992,5.20054,0.8778502
2025-08-19T12:26:56.993078,0.00506715,0.6870547,0.3445033,0.2830197,6.105e-05,0.0,0.1776193,0.00292779,0.307418,0.068628,0.0102564,6.68857,0.8017574,0.8010981,1.107691,1.809522,3.315015,3.315015,3.357359,3.726687,0.0,1.112453,0.6018309,5.20322,5.20992,0.8810737
2025-08-19T12:26:58.020988,0.00506715,0.5699431,0.3474311,0.2761882,6.105e-05,0.0,0.1756674,0.00097593,0.2742363,0.0,0.0106227,5.43837,0.8017574,0.8029296,1.107691,1.807568,3.314099,3.314099,3.309105,3.722976,0.0,1.110988,0.6003657,5.207239,5.19384,0.8813422
2025-08-19T12:26:59.051337,0.0050061,0.6802233,0.3454792,0.2810678,6.105e-05,0.0,0.1600525,0.00390372,0.2410547,0.07254961,0.0112332,6.313509,0.8017574,0.8010981,1.107325,1.809522,3.313183,3.315015,3.327664,3.722048,0.0,1.105127,0.6036624,5.22064,5.19384,0.8775815
2025-08-19T12:27:00.082521,0.0058608,0.6216674,0.3464552,0.2810678,0.00018315,0.0,0.1590766,0.00390372,0.2410547,0.0112746,0.0106227,5.491949,0.8011714,0.8029296,1.109156,1.809034,3.314099,3.315931,3.327664,3.723903,0.0,1.113552,0.6029298,5.1992,5.1992,0.8786561
2025-08-19T12:27:01.109553,0.00531135,0.6821751,0.3445033,0.2830197,0.00018315,0.0,0.1649322,0.00487965,0.2878993,0.0764712,0.010989,6.43853,0.8011714,0.8010981,1.108424,1.805615,3.313183,3.316846,3.327664,3.741535,0.0,1.107691,0.6036624,5.20188,5.2662,0.8789246
2025-08-19T12:27:02.144592,0.00494505,0.6636324,0.3454792,0.2810678,6.105e-05,0.0,0.1688359,0.00390372,0.2966827,0.061275,0.0107448,6.518899,0.8011714,0.8025633,1.107691,1.808057,3.312268,3.316846,3.310033,3.725759,0.0,1.113552,0.6036624,5.19786,5.19652,0.8791933
2025-08-19T12:27:03.176312,0.0050061,0.6772955,0.3464552,0.2859475,0.00018315,0.0,0.1707878,0.00292779,0.2732604,0.083334,0.0106227,6.0724,0.8011714,0.8029296,1.107691,1.806592,3.313183,3.315931,3.333232,3.723903,0.0,1.113552,0.6032961,5.20456,5.19384,0.8781188
2025-08-19T12:27:04.203189,0.0058608,0.6841269,0.3464552,0.2898512,6.105e-05,0.0,0.1649322,0.00292779,0.3171773,0.07892221,0.010989,6.29565,0.8011714,0.8018308,1.107691,1.809522,3.315015,3.315931,3.311889,3.723903,0.0,1.107691,0.6021972,5.20054,5.20054,0.8775815
2025-08-19T12:27:05.237312,0.00518925,0.5592079,0.348407,0.2693567,0.00018315,0.0,0.16786,0.00195186,0.0292779,0.0,0.0106227,4.36677,0.8011714,0.802197,1.107325,1.809034,3.312268,3.315931,3.327664,3.722976,0.0,1.113552,0.6032961,5.20054,5.1992,0.8773129
2025-08-19T12:27:06.266908,0.0058608,0.6909585,0.3445033,0.2820438,6.105e-05,0.0,0.1649322,0.0,0.2732604,0.0823536,0.0107448,6.313509,0.8008783,0.802197,1.106226,1.809034,3.313183,3.315931,3.319313,3.725759,0.0,1.104394,0.6040287,5.2126,5.1992,0.8778502
2025-08-19T12:27:07.297988,0.00506715,0.5611597,0.3445033,0.2713085,6.105e-05,0.0,0.1571247,0.00195186,0.03220569,0.0,0.0106227,4.41142,0.8011714,0.8018308,1.106226,1.808057,3.312268,3.314099,3.313745,3.724831,0.0,1.105127,0.6018309,5.20322,5.20188,0.8802678
2025-08-19T12:27:08.328670,0.0058608,0.6714398,0.3464552,0.279116,0.00018315,0.0,0.1610285,0.00292779,0.3054661,0.0848046,0.0108669,6.34923,0.8011714,0.8036622,1.107691,1.806592,3.313183,3.314099,3.310033,3.741535,0.0,1.104394,0.6036624,5.20456,5.20188,0.8767757
2025-08-19T12:27:09.357575,0.0056166,0.6733917,0.3464552,0.2869234,6.105e-05,0.0,0.2595974,0.00292779,0.3054661,0.078432,0.0106227,6.37602,0.8008783,0.8010981,1.104394,1.809034,3.314099,3.315015,3.309105,3.724831,0.0,1.107691,0.6036624,5.22064,5.1925,0.8786561
2025-08-19T12:27:10.386593,0.00506715,0.5621357,0.3454792,0.2693567,0.0001221,0.0,0.1551729,0.00292779,0.1083282,0.0,0.0107448,4.41142,0.8008783,0.8014644,1.106959,1.809034,3.313183,3.315015,3.327664,3.722048,0.0,1.107325,0.6032961,5.19786,5.19786,0.8781188
2025-08-19T12:27:11.418173,0.0052503,0.6880306,0.3454792,0.2693567,0.00018315,0.0,0.1571247,0.00390372,0.2752123,0.0,0.0107448,5.6259,0.8008783,0.8018308,1.106959,1.808057,3.314099,3.316846,3.309105,3.726687,0.0,1.104394,0.6029298,5.20456,5.1992,0.8789246
2025-08-19T12:27:12.449305,0.00518925,0.6714398,0.3464552,0.2849716,6.105e-05,0.0,0.1600525,0.00292779,0.2898512,0.0,0.0108669,5.74199,0.8005854,0.802197,1.107325,1.809034,3.314099,3.314099,3.307249,3.722976,0.0,1.109156,0.608058,5.21796,5.2193,0.8775815
2025-08-19T12:27:13.477353,0.0053724,0.5631116,0.3464552,0.2703326,6.105e-05,0.0,0.1620044,0.00195186,0.0292779,0.0,0.010989,4.33998,0.8011714,0.802197,1.107691,1.809522,3.316846,3.314099,3.312817,3.726687,0.0,1.110622,0.6040287,5.20322,5.20054,0.8810737
2025-08-19T12:27:14.510021,0.0058608,0.6870547,0.3464552,0.2800919,0.00018315,0.0,0.1629803,0.00195186,0.3054661,0.075981,0.0106227,6.465319,0.8017574,0.802197,1.106959,1.808057,3.315015,3.315931,3.309105,3.741535,0.0,1.10586,0.6025635,5.18714,5.19786,0.8786561
2025-08-19T12:27:15.547959,0.00506715,0.6724158,0.3454792,0.2683808,6.105e-05,0.0,0.1610285,0.00195186,0.112232,0.0779418,0.0106227,6.37602,0.8017574,0.8018308,1.107325,1.808545,3.314099,3.315931,3.308177,3.722048,0.0,1.101464,0.6036624,5.20456,5.19786,0.8794619
2025-08-19T12:27:16.676662,0.00506715,0.6870547,0.3474311,0.2878993,6.105e-05,0.0,0.1581007,0.00195186,0.2761882,0.07254961,0.0107448,6.33137,0.8011714,0.8029296,1.107325,1.809034,3.315015,3.314099,3.357359,3.722976,0.0,1.106226,0.6003657,5.22198,5.21528,0.876507
2025-08-19T12:27:17.706849,0.0052503,0.5621357,0.3464552,0.2703326,6.105e-05,0.0,0.1610285,0.00292779,0.03122976,0.0,0.0108669,4.38463,0.8017574,0.8025633,1.108058,1.809522,3.314099,3.315931,3.331376,3.726687,0.0,1.110622,0.6091569,5.23002,5.2193,0.8783874
2025-08-19T12:27:18.736409,0.0052503,0.5631116,0.3474311,0.2664289,6.105e-05,0.0,0.1610285,0.00195186,0.2869234,0.0,0.0106227,4.6436,0.8008783,0.8025633,1.108058,1.809522,3.311352,3.314099,3.329521,3.740607,0.0,1.104394,0.6029298,5.20188,5.20456,0.8794619
2025-08-19T12:27:19.763828,0.00470085,0.6538731,0.3445033,0.2898512,0.00018315,0.0,0.1551729,0.00195186,0.3054661,0.0769614,0.0106227,6.28672,0.8014645,0.8014644,1.107325,1.809522,3.314099,3.314099,3.307249,3.724831,0.0,1.104394,0.604395,5.19786,5.1992,0.8770444
2025-08-19T12:27:20.794932,0.0052503,0.6714398,0.3464552,0.2849716,6.105e-05,0.0,0.1688359,0.0,0.2800919,0.0607848,0.0101343,4.67039,0.8011714,0.8018308,1.106959,1.806592,3.314099,3.315015,3.308177,3.741535,0.0,1.104394,0.6040287,5.226,5.20456,0.8781188
2025-08-19T12:27:21.825243,0.0052503,0.6099563,0.3571904,0.2800919,6.105e-05,0.0,0.1629803,0.00097593,0.3083939,0.08382421,0.0106227,6.23314,0.8005854,0.8010981,1.104394,1.809034,3.314099,3.316846,3.312817,3.724831,0.0,1.107691,0.6018309,5.1992,5.20188,0.8775815
2025-08-19T12:27:22.859926,0.0051282,0.5611597,0.3464552,0.2703326,0.00018315,0.0,0.1600525,0.00097593,0.03513348,0.0,0.0105006,4.3757,0.8011714,0.8018308,1.108058,1.809034,3.312268,3.315931,3.307249,3.722976,0.0,1.112453,0.6032961,5.20188,5.22198,0.8781188
2025-08-19T12:27:23.889922,0.00506715,0.6743678,0.3454792,0.2820438,0.00018315,0.0,0.1551729,0.00195186,0.2713085,0.0622554,0.0111111,6.08133,0.8005854,0.802197,1.10879,1.808545,3.314099,3.314099,3.319313,3.724831,0.0,1.106226,0.6047613,5.20456,5.20188,0.8775815
2025-08-19T12:27:24.920399,0.0053724,0.6636324,0.3474311,0.2732604,0.00018315,0.0,0.1610285,0.00195186,0.03025383,0.0,0.010989,4.42928,0.8005854,0.8025633,1.104394,1.808545,3.313183,3.315015,3.341584,3.722976,0.0,1.108424,0.6025635,5.20456,5.1925,0.8743581
2025-08-19T12:27:25.953066,0.00506715,0.6782714,0.3571904,0.2830197,0.00018315,0.0,0.1551729,0.00292779,0.3035142,0.0617652,0.0107448,6.06347,0.8017574,0.8010981,1.108058,1.809034,3.312268,3.314099,3.327664,3.723903,0.0,1.106226,0.6040287,5.207239,5.19384,0.8799991
2025-08-19T12:27:26.981916,0.00506715,0.5592079,0.3454792,0.2849716,6.105e-05,0.0,0.166884,0.00195186,0.3132735,0.0617652,0.0106227,4.3757,0.8011714,0.8010981,1.106226,1.809034,3.314099,3.315015,3.313745,3.741535,0.0,1.107691,0.6040287,5.20188,5.19786,0.8783874
2025-08-19T12:27:28.009541,0.0053724,0.6236192,0.3698775,0.2781401,6.105e-05,0.0,0.1639562,0.00195186,0.1463895,0.0014706,0.0107448,5.34907,0.8008783,0.8025633,1.107325,1.809034,3.313183,3.315015,3.309105,3.723903,0.0,1.113552,0.6036624,5.21662,5.21528,0.8781188
2025-08-19T12:27:29.038831,0.0053724,0.6890066,0.348407,0.2888753,6.105e-05,0.0,0.1620044,0.00390372,0.2420307,0.07745161,0.0106227,5.86701,0.8011714,0.8018308,1.104394,1.809034,3.314099,3.314099,3.327664,3.724831,0.0,1.10586,0.6040287,5.207239,5.1992,0.8813422
2025-08-19T12:27:30.066721,0.00482295,0.5797024,0.3493829,0.2752123,0.00018315,0.0,0.1629803,0.00390372,0.09368929,0.0,0.0106227,5.92952,0.8011714,0.8029296,1.107691,1.809034,3.314099,3.314099,3.327664,3.722048,0.0,1.114285,0.6021972,5.20992,5.207239,0.8778502
2025-08-19T12:27:31.098918,0.00555555,0.6821751,0.3445033,0.2849716,0.0,0.0,0.1600525,0.00195186,0.3083939,0.0769614,0.0108669,6.06347,0.8011714,0.8010981,1.106959,1.808545,3.313183,3.315015,3.308177,3.733183,0.0,1.108424,0.6025635,5.207239,5.19786,0.8789246
2025-08-19T12:27:32.126684,0.00494505,0.599221,0.3445033,0.279116,0.00018315,0.0,0.1590766,0.00097593,0.08295405,0.0029412,0.0103785,4.66146,0.8011714,0.8010981,1.107691,1.808545,3.312268,3.314099,3.307249,3.723903,0.0,1.107325,0.6018309,5.21394,5.1925,0.8775815
2025-08-19T12:27:33.157326,0.0053724,0.6860789,0.3464552,0.2781401,6.105e-05,0.0,0.1610285,0.00097593,0.2722845,0.083334,0.0108669,6.05454,0.8011714,0.8029296,1.108058,1.808057,3.314099,3.315015,3.318385,3.718336,0.0,1.107691,0.604395,5.20322,5.20456,0.8789246
2025-08-19T12:27:34.186240,0.00518925,0.557256,0.3464552,0.2722845,6.105e-05,0.0,0.1581007,0.00487965,0.03415755,0.0,0.0103785,4.50072,0.8011714,0.8029296,1.106959,1.805615,3.315015,3.316846,3.309105,3.726687,0.0,1.108058,0.6010983,5.19786,5.18848,0.8794619
2025-08-19T12:27:35.218637,0.0058608,0.6782714,0.3464552,0.2781401,6.105e-05,0.0,0.1561488,0.00097593,0.2800919,0.0769614,0.0101343,6.3403,0.8011714,0.8018308,1.107325,1.809034,3.313183,3.315015,3.318385,3.722976,0.0,1.113552,0.6047613,5.1992,5.18982,0.8781188
2025-08-19T12:27:36.253265,0.0058608,0.6880306,0.3454792,0.2820438,6.105e-05,0.0,0.1620044,0.00487965,0.3132735,0.0818634,0.0101343,6.134909,0.8008783,0.8025633,1.107691,1.810499,3.314099,3.313183,3.319313,3.748958,0.0,1.107325,0.6036624,5.20858,5.19652,0.8783874
2025-08-19T12:27:37.281140,0.00482295,0.655825,0.3445033,0.2878993,0.00018315,0.0,0.1620044,0.00390372,0.2761882,0.0779418,0.0107448,4.59895,0.8014645,0.802197,1.108058,1.809522,3.314099,3.314099,3.311889,3.723903,0.0,1.113552,0.6018309,5.20188,5.21126,0.8781188
2025-08-19T12:27:38.311671,0.0058608,0.557256,0.3474311,0.2683808,6.105e-05,0.0,0.1590766,0.0,0.03318162,0.0,0.0112332,5.39372,0.8014645,0.8018308,1.108058,1.809034,3.314099,3.315015,3.316529,3.722048,0.0,1.108058,0.6003657,5.1992,5.20456,0.8794619
2025-08-19T12:27:39.341697,0.004884,0.5933654,0.3571904,0.2683808,6.105e-05,0.0,0.1590766,0.00292779,0.04196499,0.0,0.0107448,4.45607,0.8017574,0.802197,1.106959,1.809034,3.313183,3.315931,3.309105,3.745246,0.0,1.103662,0.6025635,5.19786,5.20188,0.8783874
2025-08-19T12:27:40.372994,0.0052503,0.655825,0.3571904,0.2752123,6.105e-05,0.0,0.1610285,0.0,0.3044902,0.0887262,0.0112332,5.50088,0.8011714,0.8010981,1.10879,1.804638,3.315015,3.316846,3.310961,3.741535,0.0,1.106959,0.6065928,5.20054,5.1992,0.8797306
2025-08-19T12:27:41.399035,0.0052503,0.6860789,0.3454792,0.2878993,6.105e-05,0.0,0.1688359,0.00097593,0.208849,0.0691182,0.0106227,6.56355,0.8017574,0.8018308,1.107691,1.809034,3.312268,3.314099,3.310961,3.722048,0.0,1.107691,0.6036624,5.21528,5.19652,0.8781188
2025-08-19T12:27:42.428992,0.0054945,0.6206915,0.3591422,0.2683808,6.105e-05,0.0,0.1600525,0.00292779,0.03318162,0.0,0.0105006,5.83129,0.8008783,0.802197,1.107691,1.810987,3.315015,3.315931,3.313745,3.726687,0.0,1.106226,0.6040287,5.20054,5.21394,0.8786561
2025-08-19T12:27:43.456809,0.00482295,0.6841269,0.3454792,0.2830197,0.00018315,0.0,0.1590766,0.00195186,0.2537418,0.0696084,0.0106227,6.37602,0.8014645,0.8018308,1.108058,1.809034,3.314099,3.314099,3.327664,3.741535,0.0,1.10879,0.6047613,5.22064,5.20456,0.8775815
2025-08-19T12:27:44.483458,0.0047619,0.5631116,0.3474311,0.2693567,0.00018315,0.0,0.1639562,0.00097593,0.03122976,0.0,0.0106227,4.36677,0.8017574,0.8025633,1.104394,1.808545,3.312268,3.315931,3.307249,3.724831,0.0,1.113918,0.6036624,5.1992,5.20456,0.8775815
2025-08-19T12:27:45.513595,0.00470085,0.6792473,0.3493829,0.2830197,6.105e-05,0.0,0.1590766,0.00195186,0.3171773,0.0779418,0.0107448,6.501039,0.8008783,0.8010981,1.107325,1.804638,3.311352,3.314099,3.309105,3.723903,0.0,1.125274,0.6032961,5.20992,5.20456,0.8783874
2025-08-19T12:27:46.545831,0.00482295,0.6733917,0.3464552,0.2820438,6.105e-05,0.0,0.1620044,0.00097593,0.3025383,0.0823536,0.0106227,6.09919,0.8014645,0.8014644,1.107325,1.809034,3.312268,3.314099,3.355503,3.741535,0.0,1.113552,0.6047613,5.20054,5.2126,0.8791933
2025-08-19T12:27:47.578972,0.00482295,0.5660394,0.3464552,0.2713085,0.00018315,0.0,0.1590766,0.00195186,0.03415755,0.0,0.0107448,4.36677,0.8017574,0.8029296,1.107691,1.806592,3.313183,3.315931,3.329521,3.724831,0.0,1.10586,0.6010983,5.20054,5.19786,0.8778502
2025-08-19T12:27:48.610452,0.00482295,0.6753436,0.3445033,0.2859475,0.00018315,0.0,0.1659081,0.00097593,0.3035142,0.0852948,0.0107448,6.35816,0.8005854,0.8036622,1.10586,1.809034,3.312268,3.314099,3.311889,3.727615,0.0,1.108058,0.6018309,5.20322,5.20188,0.8786561
2025-08-19T12:27:49.640917,0.0052503,0.5982451,0.3454792,0.2761882,6.105e-05,0.0,0.1620044,0.00195186,0.1473654,0.0446082,0.0103785,5.143679,0.8008783,0.8010981,1.108424,1.808545,3.314099,3.315931,3.308177,3.726687,0.0,1.110988,0.6029298,5.19518,5.20992,0.876507
2025-08-19T12:27:50.672426,0.0050061,0.6782714,0.3454792,0.2810678,6.105e-05,0.0,0.1590766,0.00097593,0.321081,0.0681378,0.0106227,6.39388,0.8011714,0.8003655,1.108058,1.809034,3.314099,3.315931,3.327664,3.723903,0.0,1.105127,0.6036624,5.20858,5.1992,0.8781188
2025-08-19T12:27:51.706663,0.00592185,0.6763194,0.3445033,0.2878993,6.105e-05,0.0,0.1717637,0.00195186,0.3103457,0.0769614,0.0107448,6.465319,0.8017574,0.8018308,1.108058,1.808545,3.314099,3.315931,3.327664,3.726687,0.0,1.104028,0.6065928,5.1992,5.18982,0.8789246
2025-08-19T12:27:52.741012,0.0058608,0.6880306,0.3591422,0.279116,0.00018315,0.0,0.1620044,0.00292779,0.2722845,0.0730398,0.0107448,6.22421,0.8011714,0.802197,1.108058,1.809034,3.315015,3.315931,3.307249,3.722976,0.0,1.106592,0.604395,5.20188,5.19786,0.8797306
2025-08-19T12:27:53.771167,0.00506715,0.5728709,0.3464552,0.2722845,0.00018315,0.0,0.1590766,0.00195186,0.02830197,0.0,0.0107448,5.29549,0.8008783,0.8029296,1.108058,1.806592,3.314099,3.315931,3.311889,3.741535,0.0,1.108424,0.6032961,5.19786,5.20054,0.8762386
2025-08-19T12:27:54.801886,0.0058608,0.6851029,0.3445033,0.2800919,0.00018315,0.0,0.1600525,0.00292779,0.2732604,0.07892221,0.0108669,6.41174,0.8011714,0.8014644,1.106226,1.809522,3.315015,3.314099,3.329521,3.733183,0.0,1.105127,0.604395,5.19652,5.20188,0.8786561
2025-08-19T12:27:55.838055,0.00482295,0.6870547,0.3562145,0.2761882,0.0,0.0,0.1620044,0.00487965,0.2410547,0.0803928,0.0107448,6.152769,0.8011714,0.8029296,1.107691,1.808057,3.314099,3.314099,3.311889,3.741535,0.0,1.113552,0.6036624,5.1992,5.1992,0.8781188
2025-08-19T12:27:56.869736,0.00494505,0.6890066,0.3474311,0.2888753,6.105e-05,0.0,0.1590766,0.0,0.2713085,0.0607848,0.010989,6.61713,0.8011714,0.8025633,1.107325,1.809522,3.313183,3.316846,3.310033,3.724831,0.0,1.107691,0.6040287,5.1925,5.20322,0.8754326
2025-08-19T12:27:57.901516,0.0058608,0.668512,0.3464552,0.279116,0.00018315,0.0,0.1639562,0.00097593,0.2957068,0.0681378,0.0107448,6.62606,0.8002922,0.8018308,1.10586,1.807568,3.314099,3.310436,3.319313,3.734111,0.0,1.104394,0.604395,5.20054,5.19384,0.8783874
2025-08-19T12:27:58.932581,0.0058608,0.6724158,0.3689016,0.2878993,6.105e-05,0.0,0.16786,0.0,0.3279125,0.061275,0.0105006,6.19742,0.8008783,0.8025633,1.108058,1.809522,3.315015,3.315015,3.311889,3.724831,0.0,1.108058,0.6003657,5.19786,5.21126,0.8783874
2025-08-19T12:27:59.963920,0.00531135,0.6577768,0.3562145,0.2800919,0.0001221,0.0,0.1639562,0.00195186,0.3025383,0.0764712,0.0108669,6.22421,0.8002922,0.8010981,1.107325,1.809034,3.312268,3.314099,3.307249,3.734111,0.0,1.105127,0.6036624,5.1992,5.1992,0.876507
2025-08-19T12:28:01.096377,0.00531135,0.6890066,0.348407,0.279116,0.00018315,0.0,0.1590766,0.00097593,0.2966827,0.0622554,0.0107448,6.23314,0.8008783,0.8025633,1.10879,1.809522,3.315015,3.315015,3.302609,3.733183,0.0,1.105127,0.6021972,5.21394,5.1925,0.8810737
2025-08-19T12:28:02.130898,0.0053724,0.6772955,0.3445033,0.2830197,6.105e-05,0.0,0.1610285,0.00292779,0.3005864,0.0691182,0.0106227,6.42067,0.8011714,0.802197,1.107325,1.808057,3.315015,3.316846,3.319313,3.740607,0.0,1.104761,0.6036624,5.19116,5.19652,0.8778502
2025-08-19T12:28:03.157487,0.0052503,0.5660394,0.3435274,0.2693567,6.105e-05,0.0,0.1590766,0.00292779,0.0292779,0.0,0.010989,5.01866,0.8011714,0.8029296,1.10879,1.808545,3.313183,3.314099,3.307249,3.722976,0.0,1.112087,0.6032961,5.21394,5.1925,0.8778502
2025-08-19T12:28:04.191018,0.00555555,0.570919,0.3464552,0.2752123,6.105e-05,0.0,0.1639562,0.00195186,0.03513348,0.0,0.0107448,4.33105,0.8011714,0.8018308,1.106959,1.806592,3.314099,3.315931,3.308177,3.748958,0.0,1.11282,0.6036624,5.20054,5.18714,0.8770444
2025-08-19T12:28:05.221651,0.00543345,0.6714398,0.3445033,0.2830197,0.00018315,0.0,0.1639562,0.00195186,0.279116,0.0730398,0.0107448,6.09919,0.8011714,0.8010981,1.107691,1.808057,3.313183,3.316846,3.311889,3.726687,0.0,1.104394,0.6036624,5.207239,5.19786,0.8791933
2025-08-19T12:28:06.253283,0.0051282,0.6704639,0.3454792,0.2820438,6.105e-05,0.0,0.1610285,0.00390372,0.2966827,0.0769614,0.0117216,6.35816,0.8008783,0.8029296,1.107325,1.81001,3.312268,3.314099,3.319313,3.723903,0.0,1.104394,0.6054939,5.207239,5.19652,0.8810737
2025-08-19T12:28:07.282388,0.00518925,0.5640876,0.3454792,0.2781401,6.105e-05,0.0,0.1610285,0.00195186,0.03318162,0.0676476,0.0106227,4.52751,0.8017574,0.8014644,1.104394,1.809034,3.314099,3.315931,3.307249,3.740607,0.0,1.110622,0.6036624,5.22064,5.19786,0.8810737
2025-08-19T12:28:08.311889,0.0059829,0.669488,0.3445033,0.2820438,6.105e-05,0.0,0.1639562,0.00195186,0.2683808,0.07353001,0.0108669,6.0724,0.8011714,0.8029296,1.108058,1.808057,3.315015,3.315015,3.319313,3.733183,0.0,1.107325,0.600732,5.207239,5.1992,0.8775815
2025-08-19T12:28:09.340697,0.00506715,0.5611597,0.3464552,0.2878993,6.105e-05,0.0,0.1590766,0.00195186,0.2957068,0.0284316,0.0107448,4.41142,0.8011714,0.802197,1.106959,1.808057,3.313183,3.316846,3.319313,3.748958,0.0,1.108424,0.6036624,5.1925,5.1925,0.876507
2025-08-19T12:28:10.373485,0.0058608,0.6753436,0.3708534,0.2839956,6.105e-05,0.0,0.1610285,0.0,0.3044902,0.0602946,0.0108669,4.53644,0.8008783,0.8018308,1.107691,1.809522,3.313183,3.315015,3.307249,3.741535,0.0,1.105127,0.6051276,5.19786,5.1992,0.8778502
2025-08-19T12:28:11.404934,0.00506715,0.683151,0.3474311,0.2800919,6.105e-05,0.0,0.1581007,0.00292779,0.2937549,0.0848046,0.0105006,6.152769,0.8014645,0.802197,1.10879,1.808057,3.313183,3.316846,3.307249,3.733183,0.0,1.106592,0.6021972,5.20322,5.19384,0.8799991
2025-08-19T12:28:12.436648,0.0047619,0.6626565,0.3454792,0.2830197,6.105e-05,0.0,0.1590766,0.00390372,0.08392998,0.0,0.0107448,5.32228,0.8011714,0.8029296,1.108058,1.809034,3.314099,3.315015,3.327664,3.722048,0.0,1.10879,0.6040287,5.2059,5.19786,0.876507
2025-08-19T12:28:13.467063,0.00518925,0.6714398,0.3445033,0.2800919,6.105e-05,0.0,0.1590766,0.00195186,0.2800919,0.0730398,0.0105006,6.44746,0.8008783,0.8029296,1.107691,1.807568,3.313183,3.316846,3.318385,3.722976,0.0,1.107691,0.6029298,5.20054,5.1925,0.8786561
2025-08-19T12:28:14.496737,0.00543345,0.6704639,0.3669497,0.2722845,6.105e-05,0.0,0.1600525,0.0,0.04196499,0.0,0.0106227,5.51874,0.8011714,0.8003655,1.10879,1.809034,3.313183,3.314099,3.327664,3.722048,0.0,1.105127,0.6036624,5.20322,5.20054,0.8783874
2025-08-19T12:28:15.525838,0.0047619,0.5621357,0.3474311,0.2752123,0.00018315,0.0,0.1610285,0.00292779,0.03415755,0.0,0.010989,4.49179,0.8002922,0.8025633,1.107691,1.806592,3.315015,3.315015,3.319313,3.722976,0.0,1.104394,0.6018309,5.22064,5.24476,0.8786561
2025-08-19T12:28:16.555249,0.00482295,0.6724158,0.3445033,0.2869234,6.105e-05,0.0,0.1590766,0.00195186,0.2420307,0.0598044,0.0108669,6.62606,0.8005854,0.8014644,1.106959,1.809034,3.312268,3.315931,3.355503,3.741535,0.0,1.105127,0.6036624,5.1992,5.20322,0.8799991
2025-08-19T12:28:17.685942,0.00470085,0.6870547,0.3445033,0.2869234,0.00018315,0.0,0.1639562,0.00292779,0.2859475,0.07254961,0.0106227,6.28672,0.8014645,0.8018308,1.108058,1.809522,3.311352,3.314099,3.319313,3.734111,0.0,1.108424,0.6051276,5.2059,5.19384,0.8775815
2025-08-19T12:28:18.720098,0.00543345,0.6646084,0.3464552,0.2859475,0.00018315,0.0,0.1649322,0.00195186,0.2966827,0.0769614,0.0107448,6.501039,0.8008783,0.8029296,1.108058,1.81001,3.313183,3.314099,3.307249,3.725759,0.0,1.107691,0.6065928,5.19384,5.19786,0.8797306
2025-08-19T12:28:19.849769,0.0053724,0.5894618,0.3464552,0.2732604,0.00018315,0.0,0.1581007,0.0,0.08685777,0.0093138,0.0107448,5.143679,0.8008783,0.8010981,1.10586,1.808545,3.314099,3.314099,3.307249,3.748958,0.0,1.106959,0.6091569,5.19786,5.2662,0.8781188
2025-08-19T12:28:20.879911,0.00531135,0.6753436,0.3571904,0.2781401,6.105e-05,0.0,0.1610285,0.00390372,0.2771641,0.0029412,0.0107448,6.0724,0.8011714,0.802197,1.107691,1.808545,3.313183,3.314099,3.307249,3.723903,0.0,1.110622,0.6040287,5.21126,5.2059,0.8775815
2025-08-19T12:28:21.911384,0.0047619,0.557256,0.3581663,0.2693567,6.105e-05,0.0,0.1590766,0.00390372,0.03220569,0.0,0.0098901,4.34891,0.8017574,0.802197,1.108058,1.809522,3.314099,3.314099,3.327664,3.741535,0.0,1.108424,0.6051276,5.1992,5.19116,0.8781188
2025-08-19T12:28:22.952296,0.00518925,0.6753436,0.3445033,0.2869234,6.105e-05,0.0,0.1600525,0.00195186,0.3015624,0.0754908,0.0117216,6.47425,0.8011714,0.802197,1.107691,1.808545,3.314099,3.314099,3.308177,3.726687,0.0,1.113552,0.6032961,5.20188,5.19652,0.8789246
2025-08-19T12:28:23.986896,0.00482295,0.6753436,0.3445033,0.2839956,6.105e-05,0.0,0.1600525,0.00195186,0.3054661,0.0583338,0.0103785,6.20635,0.8008783,0.8014644,1.107691,1.809522,3.313183,3.316846,3.307249,3.727615,0.0,1.104394,0.604395,5.20322,5.19786,0.876507
2025-08-19T12:28:25.015440,0.00543345,0.6821751,0.3562145,0.279116,0.00018315,0.0,0.1610285,0.00195186,0.3015624,0.0607848,0.0107448,6.45639,0.8011714,0.802197,1.107691,1.809522,3.312268,3.315931,3.309105,3.722976,0.0,1.10879,0.6040287,5.20322,5.20992,0.8781188
2025-08-19T12:28:26.042813,0.00482295,0.558232,0.3581663,0.2732604,6.105e-05,0.0,0.1639562,0.00292779,0.03025383,0.0627456,0.010989,4.32212,0.8014645,0.8029296,1.106959,1.809034,3.312268,3.315931,3.327664,3.727615,0.0,1.113552,0.6036624,5.1992,5.1925,0.8794619
2025-08-19T12:28:27.074776,0.00470085,0.683151,0.3464552,0.2830197,0.00018315,0.0,0.1629803,0.0,0.2752123,0.078432,0.0102564,6.32244,0.8014645,0.8029296,1.106592,1.808545,3.313183,3.314099,3.309105,3.740607,0.0,1.106959,0.6021972,5.19786,5.1925,0.876507
2025-08-19T12:28:28.105942,0.00543345,0.5689672,0.348407,0.2810678,6.105e-05,0.0,0.1610285,0.00292779,0.2966827,0.0656868,0.0102564,4.3757,0.8008783,0.8014644,1.107691,1.809034,3.313183,3.314099,3.313745,3.722048,0.0,1.113552,0.6036624,5.19786,5.19652,0.8770444
2025-08-19T12:28:29.134880,0.0058608,0.6646084,0.3464552,0.2810678,6.105e-05,0.0,0.1590766,0.00390372,0.3191291,0.0754908,0.0105006,6.10812,0.8002922,0.802197,1.107691,1.808057,3.313183,3.314099,3.319313,3.748958,0.0,1.10586,0.6040287,5.18714,5.20992,0.8794619
2025-08-19T12:28:30.163672,0.0054945,0.5933654,0.3464552,0.2810678,6.105e-05,0.0,0.1590766,0.0,0.2947309,0.0818634,0.0105006,4.465,0.8014645,0.8029296,1.108424,1.809034,3.313183,3.314099,3.310033,3.725759,0.0,1.110622,0.6021972,5.20322,5.18714,0.8773129
2025-08-19T12:28:31.197555,0.00482295,0.6733917,0.3474311,0.2859475,6.105e-05,0.0,0.1610285,0.00390372,0.2849716,0.0769614,0.0105006,6.483179,0.8005854,0.8018308,1.108058,1.809522,3.313183,3.316846,3.327664,3.729471,0.0,1.104394,0.6036624,5.1925,5.20322,0.8759698
2025-08-19T12:28:32.225812,0.0053724,0.6860789,0.3464552,0.2839956,6.105e-05,0.0,0.1639562,0.0,0.264477,0.0622554,0.0103785,6.45639,0.8017574,0.802197,1.107691,1.809522,3.310436,3.315015,3.311889,3.741535,0.0,1.105127,0.6051276,5.20456,5.1992,0.8754326
2025-08-19T12:28:33.253256,0.0059829,0.557256,0.3503589,0.279116,6.105e-05,0.0,0.1620044,0.0,0.2869234,0.0,0.0105006,4.44714,0.8008783,0.8010981,1.10879,1.806592,3.315015,3.315015,3.327664,3.745246,0.0,1.10586,0.6029298,5.1992,5.1992,0.876507
2025-08-19T12:28:34.283226,0.00482295,0.5543283,0.348407,0.2693567,6.105e-05,0.0,0.1629803,0.00292779,0.03415755,0.0,0.0107448,4.33998,0.8011714,0.802197,1.106959,1.80708,3.313183,3.315015,3.331376,3.733183,0.0,1.105127,0.6029298,5.20992,5.19786,0.8791933
2025-08-19T12:28:35.318298,0.0050061,0.6841269,0.3454792,0.279116,0.00018315,0.0,0.1600525,0.00487965,0.2722845,0.07254961,0.0106227,6.39388,0.8011714,0.8029296,1.10586,1.808545,3.314099,3.316846,3.311889,3.745246,0.0,1.101464,0.6065928,5.22064,5.1925,0.8789246
2025-08-19T12:28:36.353341,0.0056166,0.5601838,0.3445033,0.2732604,6.105e-05,0.0,0.1629803,0.00195186,0.0292779,0.0,0.0107448,4.45607,0.8014645,0.802197,1.106959,1.807568,3.315015,3.315015,3.341584,3.724831,0.0,1.108424,0.6010983,5.1992,5.1992,0.8778502
2025-08-19T12:28:37.398400,0.0052503,0.5631116,0.3454792,0.2722845,6.105e-05,0.0,0.1824989,0.00097593,0.04001313,0.0,0.0107448,4.44714,0.8011714,0.8014644,1.106959,1.809034,3.313183,3.314099,3.319313,3.722048,0.0,1.109156,0.6051276,5.20188,5.1992,0.8789246
2025-08-19T12:28:38.431390,0.00518925,0.5621357,0.3464552,0.2713085,6.105e-05,0.0,0.1639562,0.00097593,0.03220569,0.0,0.0106227,4.43821,0.8011714,0.8003655,1.107325,1.804638,3.313183,3.314099,3.310033,3.726687,0.0,1.106592,0.604395,5.22198,5.22064,0.8789246
2025-08-19T12:28:39.463686,0.00506715,0.6763194,0.3454792,0.2810678,0.00018315,0.0,0.1620044,0.00195186,0.321081,0.0848046,0.0107448,6.501039,0.8008783,0.802197,1.107691,1.81001,3.312268,3.313183,3.307249,3.724831,0.0,1.113552,0.6036624,5.1992,5.1925,0.8853715
2025-08-19T12:28:40.492618,0.0053724,0.6880306,0.3679256,0.2820438,0.00018315,0.0,0.1600525,0.00292779,0.2996105,0.083334,0.0101343,6.0724,0.8002922,0.802197,1.107691,1.808057,3.314099,3.314099,3.329521,3.748958,0.0,1.107325,0.6036624,5.20322,5.20322,0.8799991
2025-08-19T12:28:41.525112,0.0053724,0.6753436,0.3562145,0.2800919,6.105e-05,0.0,0.1629803,0.0,0.2566696,0.0843144,0.0107448,6.33137,0.8011714,0.8010981,1.104394,1.809034,3.313183,3.314099,3.313745,3.723903,0.0,1.110622,0.6021972,5.207239,5.1925,0.8810737
2025-08-19T12:28:42.559111,0.0051282,0.6811991,0.3445033,0.2849716,0.00018315,0.0,0.1590766,0.00195186,0.2976587,0.0627456,0.0107448,6.26886,0.8017574,0.8010981,1.10586,1.806592,3.314099,3.314099,3.302609,3.727615,0.0,1.10879,0.6032961,5.19786,5.1992,0.8689857
2025-08-19T12:28:43.584088,0.0053724,0.5611597,0.3454792,0.2605733,6.105e-05,0.0,0.166884,0.00195186,0.01366302,0.0,0.0107448,1.2502,0.8011714,0.8018308,1.104394,1.806592,3.313183,3.316846,3.307249,3.722976,0.0,1.113552,0.6018309,5.24476,5.23806,0.7223192
2025-08-19T12:28:44.608956,0.00531135,0.600197,0.3474311,0.2732604,6.105e-05,0.0,0.1581007,0.00097593,0.1190635,0.0107844,0.0102564,2.72365,0.8011714,0.8025633,1.107691,1.809034,3.312268,3.316846,3.307249,3.724831,0.0,1.106959,0.6047613,5.22734,5.23002,0.8684485
2025-08-19T12:28:45.634983,0.00494505,0.557256,0.3474311,0.2703326,0.00018315,0.0,0.1590766,0.00097593,0.00878337,0.0,0.0101343,1.80386,0.8017574,0.8018308,1.107325,1.809034,3.315015,3.314099,3.307249,3.718336,0.0,1.10586,0.6003657,5.24476,5.24342,0.721782
2025-08-19T12:28:46.661205,0.0053724,0.5562801,0.3474311,0.2605733,0.00018315,0.0,0.1659081,0.00195186,0.01463895,0.0,0.0107448,1.1609,0.8008783,0.802197,1.104394,1.808545,3.312268,3.316846,3.308177,3.722976,0.0,1.11282,0.6036624,5.24476,5.22868,0.7228564
2025-08-19T12:28:47.686209,0.00482295,0.5523764,0.3581663,0.2605733,0.00018315,0.0,0.1600525,0.0,0.01171116,0.0,0.0106227,1.15197,0.8017574,0.8032959,1.107691,1.808545,3.314099,3.315015,3.309105,3.726687,0.0,1.110255,0.6065928,5.2461,5.24476,0.7223192
2025-08-19T12:28:48.711296,0.0051282,0.5553042,0.3464552,0.2595974,6.105e-05,0.0,0.1620044,0.00195186,0.0195186,0.0,0.0105006,1.23234,0.8002922,0.802197,1.108058,1.806592,3.314099,3.315931,3.309105,3.723903,0.0,1.116482,0.6106221,5.24342,5.24342,0.7225879
2025-08-19T12:28:49.739720,0.00506715,0.557256,0.3474311,0.2605733,0.0001221,6.105e-05,0.1688359,0.00097593,0.00780744,0.0,0.0106227,1.50917,0.8008783,0.8025633,1.107691,1.809034,3.313183,3.316846,3.309105,3.724831,0.0,1.113552,0.6084243,5.24074,5.24208,0.7671787
2025-08-19T12:28:50.764744,0.00506715,0.5553042,0.3454792,0.2595974,6.105e-05,0.0,0.1620044,0.00292779,0.00878337,0.0,0.010989,1.12518,0.8017574,0.8018308,1.10586,1.806592,3.314099,3.315931,3.310033,3.722976,0.0,1.107325,0.6051276,5.23806,5.24074,0.7228564
2025-08-19T12:28:51.789769,0.0050061,0.5562801,0.3474311,0.2586215,0.00018315,0.0,0.1590766,0.00195186,0.00878337,0.0,0.0106227,1.12518,0.8014645,0.8010981,1.106226,1.809034,3.313183,3.315931,3.313745,3.724831,0.0,1.110255,0.6054939,5.24476,5.2461,0.721782
2025-08-19T12:28:52.814829,0.0053724,0.5562801,0.3571904,0.2566696,6.105e-05,0.0,0.1659081,0.00097593,0.00878337,0.0,0.0117216,1.13411,0.8017574,0.8025633,1.108058,1.809034,3.314099,3.314099,3.325809,3.722048,0.0,1.112087,0.6065928,5.24342,5.2394,0.7223192
2025-08-19T12:28:53.839935,0.0050061,0.558232,0.3474311,0.2605733,6.105e-05,0.0,0.1639562,0.00195186,0.00780744,0.0,0.0108669,1.12518,0.8008783,0.8029296,1.107691,1.806592,3.313183,3.315015,3.313745,3.722048,0.0,1.10879,0.6058602,5.24074,5.24342,0.7220506
2025-08-19T12:28:54.865214,0.00482295,0.5631116,0.3669497,0.2635011,6.105e-05,0.0,0.1610285,0.0,0.00878337,0.0,0.0107448,1.12518,0.8011714,0.8018308,1.106959,1.806592,3.314099,3.316846,3.307249,3.722048,0.0,1.107325,0.6051276,5.24476,5.2394,0.7223192
2025-08-19T12:28:55.892377,0.0052503,0.5562801,0.348407,0.2605733,6.105e-05,0.0,0.1629803,0.00195186,0.0097593,0.0,0.0107448,1.10732,0.8011714,0.8025633,1.107325,1.806592,3.312268,3.316846,3.329521,3.722048,0.0,1.10586,0.6014646,5.24074,5.24476,0.7223192
2025-08-19T12:28:56.916842,0.0053724,0.5650635,0.3454792,0.264477,0.0001221,0.0,0.1649322,0.00097593,0.02244639,0.0,0.0106227,2.679,0.8014645,0.8025633,1.104394,1.809034,3.314099,3.315015,3.327664,3.723903,0.0,1.112087,0.6054939,5.24208,5.23672,0.8531371
2025-08-19T12:28:57.941912,0.00506715,0.5631116,0.348407,0.2605733,0.00018315,0.0,0.1639562,0.00292779,0.0097593,0.0,0.0108669,1.10732,0.8011714,0.8025633,1.104394,1.808057,3.314099,3.315931,3.322097,3.724831,0.0,1.114285,0.6065928,5.2461,5.23002,0.721782
2025-08-19T12:28:58.969870,0.00506715,0.557256,0.3474311,0.264477,0.00018315,6.105e-05,0.1922582,0.00292779,0.00390372,0.0,0.0106227,1.5181,0.8008783,0.8014644,1.107691,1.809034,3.315015,3.315931,3.313745,3.718336,0.0,1.113552,0.608058,5.24208,5.23672,0.8378258
2025-08-19T12:28:59.995037,0.0053724,0.558232,0.3464552,0.2595974,0.00018315,0.0,0.1600525,0.00195186,0.00878337,0.0,0.0105006,1.11625,0.8017574,0.8025633,1.108424,1.808057,3.313183,3.315015,3.313745,3.718336,0.0,1.11282,0.6036624,5.24342,5.24208,0.7225879
2025-08-19T12:29:01.020074,0.0053724,0.558232,0.3454792,0.2595974,6.105e-05,0.0,0.1707878,0.00195186,0.00585558,0.0,0.0106227,1.24127,0.8017574,0.8025633,1.108058,1.809522,3.313183,3.315931,3.309105,3.723903,0.0,1.11282,0.6014646,5.24208,5.24208,0.7671787
2025-08-19T12:29:02.104925,0.0053724,0.5543283,0.3591422,0.2595974,0.00018315,6.105e-05,0.1581007,0.0,0.00780744,0.0,0.0112332,1.43773,0.8017574,0.8014644,1.104394,1.809034,3.314099,3.315931,3.307249,3.722976,0.0,1.113918,0.6051276,5.23136,5.24208,0.822783
2025-08-19T12:29:03.129972,0.00506715,0.5543283,0.3454792,0.2615492,6.105e-05,0.0,0.1620044,0.00292779,0.00585558,0.0,0.0105006,1.1609,0.8011714,0.8010981,1.107325,1.809034,3.314099,3.315931,3.327664,3.722048,0.0,1.11282,0.6084243,5.24074,5.24074,0.721782
2025-08-19T12:29:04.154969,0.00506715,0.5562801,0.3474311,0.2576455,6.105e-05,0.0,0.1620044,0.00195186,0.01171116,0.0,0.0108669,1.09839,0.8014645,0.802197,1.10586,1.809034,3.314099,3.314099,3.313745,3.722048,0.0,1.110255,0.6010983,5.24208,5.24342,0.7223192
2025-08-19T12:29:05.180063,0.00518925,0.5553042,0.3474311,0.2595974,6.105e-05,0.0,0.1620044,0.0,0.00487965,0.0,0.0107448,1.17876,0.8008783,0.802197,1.104394,1.806592,3.315015,3.316846,3.310033,3.722048,0.0,1.11282,0.6018309,5.2394,5.24744,0.7223192
2025-08-19T12:29:06.206066,0.00506715,0.5562801,0.3591422,0.2586215,0.00018315,0.0,0.1610285,0.00292779,0.00195186,0.0,0.0107448,1.09839,0.8002922,0.8014644,1.107325,1.809034,3.315015,3.315931,3.312817,3.72112,0.0,1.11282,0.6003657,5.24476,5.24342,0.721782
2025-08-19T12:29:07.331719,0.00518925,0.558232,0.3474311,0.2615492,6.105e-05,0.0,0.1610285,0.00097593,0.01073523,0.0,0.0106227,1.10732,0.8017574,0.8025633,1.106226,1.808545,3.314099,3.316846,3.318385,3.722976,0.0,1.113918,0.6084243,5.2461,5.24342,0.7225879
2025-08-19T12:29:08.356826,0.00494505,0.5543283,0.348407,0.2586215,6.105e-05,0.0,0.1600525,0.00097593,0.00585558,0.0,0.0101343,1.10732,0.8008783,0.8029296,1.107691,1.809034,3.314099,3.316846,3.311889,3.722976,0.0,1.107325,0.6054939,5.24744,5.24342,0.7220506
2025-08-19T12:29:09.381867,0.0051282,0.558232,0.348407,0.2595974,6.105e-05,6.105e-05,0.1639562,0.0,0.00683151,0.0,0.0112332,1.09839,0.8017574,0.8025633,1.104028,1.809034,3.314099,3.315015,3.309105,3.722048,0.0,1.112087,0.600732,5.24342,5.24208,0.7223192
2025-08-19T12:29:10.406924,0.00482295,0.5562801,0.3445033,0.2615492,0.00018315,0.0,0.1590766,0.00292779,0.00585558,0.0,0.0107448,1.10732,0.8002922,0.8018308,1.10586,1.808057,3.312268,3.316846,3.307249,3.726687,0.0,1.106959,0.6025635,5.25012,5.24208,0.7225879
2025-08-19T12:29:11.431969,0.0052503,0.5553042,0.3464552,0.2605733,0.00018315,0.0,0.1620044,0.00195186,0.00878337,0.0,0.0107448,1.12518,0.8011714,0.8029296,1.107691,1.808057,3.313183,3.315015,3.309105,3.722976,0.0,1.107325,0.6040287,5.24074,5.24208,0.721782
2025-08-19T12:29:12.456999,0.0050061,0.5592079,0.3474311,0.2586215,6.105e-05,0.0,0.1561488,0.00292779,0.01756674,0.0,0.0106227,1.10732,0.8014645,0.802197,1.108058,1.809034,3.314099,3.315931,3.329521,3.722976,0.0,1.113552,0.6036624,5.24476,5.24342,0.721782
2025-08-19T12:29:13.482070,0.0051282,0.5562801,0.348407,0.2605733,0.0001221,0.0,0.1620044,0.00097593,0.00585558,0.0,0.0111111,1.10732,0.8008783,0.8025633,1.106959,1.808057,3.312268,3.315931,3.301682,3.722976,0.0,1.110622,0.6036624,5.24476,5.23136,0.721782
2025-08-19T12:29:14.507064,0.00518925,0.5660394,0.3445033,0.2576455,6.105e-05,0.0,0.1629803,0.0,0.01171116,0.0,0.0103785,1.11625,0.8011714,0.8014644,1.104394,1.806592,3.314099,3.316846,3.309105,3.726687,0.0,1.11282,0.6076917,5.24476,5.24476,0.7223192
2025-08-19T12:29:15.532070,0.00494505,0.557256,0.3454792,0.2615492,0.00018315,0.0,0.1571247,0.0,0.0097593,0.0,0.0106227,1.09839,0.8008783,0.802197,1.106959,1.806592,3.314099,3.315015,3.326736,3.722976,0.0,1.113552,0.6087906,5.24342,5.24208,0.7223192
2025-08-19T12:29:16.557034,0.00506715,0.5601838,0.3454792,0.2605733,0.00018315,6.105e-05,0.166884,0.00292779,0.00585558,0.0,0.0112332,1.26806,0.8011714,0.8014644,1.10586,1.807568,3.314099,3.316846,3.329521,3.722976,0.0,1.110255,0.6003657,5.24342,5.24342,0.7822214
2025-08-19T12:29:17.581992,0.00506715,0.5543283,0.3562145,0.2595974,6.105e-05,0.0,0.1590766,0.00195186,0.00878337,0.0,0.0107448,1.10732,0.8014645,0.8010981,1.104394,1.808057,3.314099,3.315931,3.307249,3.722976,0.0,1.107325,0.6010983,5.24208,5.2394,0.7220506
2025-08-19T12:29:18.607187,0.0047619,0.5611597,0.3454792,0.2683808,0.0001221,6.105e-05,0.1620044,0.00097593,0.00585558,0.0,0.0105006,1.09839,0.8008783,0.8014644,1.108058,1.809034,3.313183,3.315931,3.312817,3.72112,0.0,1.113918,0.6076917,5.24476,5.24476,0.7223192
2025-08-19T12:29:19.631943,0.0058608,0.5953173,0.3493829,0.2625252,6.105e-05,0.0,0.1629803,0.0,0.00585558,0.0,0.010989,2.72365,0.8017574,0.802197,1.104394,1.807568,3.314099,3.315015,3.357359,3.726687,0.0,1.110255,0.6021972,5.23002,5.24476,0.8684485
2025-08-19T12:29:20.656938,0.0050061,0.5553042,0.3474311,0.2605733,0.00018315,0.0,0.153221,0.00097593,0.00683151,0.0,0.0106227,1.11625,0.8017574,0.802197,1.108058,1.806592,3.313183,3.315015,3.307249,3.72112,0.0,1.110255,0.6018309,5.24476,5.24342,0.7225879
2025-08-19T12:29:21.681954,0.0053724,0.5553042,0.3493829,0.2605733,6.105e-05,0.0,0.1551729,0.00292779,0.00585558,0.0,0.0107448,1.10732,0.8014645,0.802197,1.107325,1.809034,3.314099,3.314099,3.326736,3.722976,0.0,1.114651,0.6051276,5.24074,5.24208,0.7220506
2025-08-19T12:29:22.711902,0.00531135,0.5562801,0.3454792,0.2605733,0.00018315,0.0,0.1600525,0.0,0.01268709,0.0,0.0106227,3.29517,0.8014645,0.802197,1.104394,1.806592,3.313183,3.316846,3.308177,3.722048,0.0,1.107325,0.6062265,5.24208,5.23404,0.7671787
2025-08-19T12:29:23.741287,0.0053724,0.5553042,0.3454792,0.264477,0.00018315,0.0,0.1620044,0.00195186,0.02439825,0.0,0.0107448,1.31271,0.8017574,0.8018308,1.104394,1.80708,3.315015,3.315931,3.355503,3.726687,0.0,1.113918,0.6040287,5.24342,5.24208,0.7975328
